episode,timestep,reward,coverage_pct,ep_steps
1,780,83.991,68.21,780
2,1560,119.694,85.64,780
3,2340,96.594,74.36,780
4,3120,121.788,86.67,780
5,3900,75.597,64.10,780
6,4680,112.350,82.05,780
7,5460,135.441,93.33,780
8,6240,99.729,75.90,780
9,7020,116.544,84.10,780
10,7800,118.644,85.13,780
11,8580,107.097,79.49,780
12,9360,129.150,90.26,780
13,10140,111.291,81.54,780
14,10920,112.332,82.05,780
15,11700,98.697,75.38,780
16,12480,109.188,80.51,780
17,13260,122.847,87.18,780
18,14040,17.838,35.90,780
19,14820,131.244,91.28,780
20,15600,120.747,86.15,780
21,16380,123.884,87.69,780
22,17160,128.093,89.74,780
23,17940,109.188,80.51,780
24,18720,127.047,89.23,780
25,19500,116.538,84.10,780
26,20280,92.382,72.31,780
27,21060,139.634,95.38,780
28,21840,121.788,86.67,780
29,22620,131.234,91.28,780
30,23400,127.035,89.23,780
31,24180,121.794,86.67,780
32,24960,127.037,89.23,780
33,25740,132.288,91.79,780
34,26520,132.299,91.79,780
35,27300,121.797,86.67,780
36,28080,128.094,89.74,780
37,28860,139.637,95.38,780
38,29640,136.487,93.85,780
39,30420,133.347,92.31,780
40,31200,99.744,75.90,780
41,31980,125.994,88.72,780
42,32760,127.044,89.23,780
43,33540,139.634,95.38,780
44,34320,138.584,94.87,780
45,35100,133.344,92.31,780
46,35880,126.000,88.72,780
47,36660,127.043,89.23,780
48,37440,122.841,87.18,780
49,38220,131.247,91.28,780
50,39000,134.381,92.82,780
51,39780,136.490,93.85,780
52,40560,118.641,85.13,780
53,41340,142.796,96.92,780
54,42120,70.347,61.54,780
55,42900,120.738,86.15,780
56,43680,139.637,95.38,780
57,44460,133.341,92.31,780
58,45240,133.331,92.31,780
59,46020,135.443,93.33,780
60,46800,129.144,90.26,780
61,47580,134.394,92.82,780
62,48360,140.674,95.90,780
63,49140,129.140,90.26,780
64,49920,133.325,92.31,780
65,50700,132.297,91.79,780
66,51480,127.047,89.23,780
67,52260,132.284,91.79,780
68,53040,131.237,91.28,780
69,53820,125.978,88.72,780
70,54600,130.175,90.77,780
71,55380,98.697,75.38,780
72,56160,123.900,87.69,780
73,56940,123.890,87.69,780
74,57720,124.925,88.21,780
75,58500,132.277,91.79,780
76,59280,123.894,87.69,780
77,60060,132.296,91.79,780
78,60840,137.525,94.36,780
79,61620,114.447,83.08,780
80,62400,133.334,92.31,780
81,63180,134.374,92.82,780
82,63960,140.690,95.90,780
83,64740,141.740,96.41,780
84,65520,136.490,93.85,780
85,66300,142.775,96.92,780
86,67080,138.593,94.87,780
87,67860,138.587,94.87,780
88,68640,138.587,94.87,780
89,69420,139.634,95.38,780
90,70200,140.696,95.90,780
91,70980,139.643,95.38,780
92,71760,140.690,95.90,780
93,72540,144.871,97.95,780
94,73320,139.640,95.38,780
95,74100,145.949,98.46,780
96,74880,141.746,96.41,780
97,75660,141.740,96.41,780
98,76440,145.924,98.46,780
99,77220,138.596,94.87,780
100,78000,142.781,96.92,780
101,78780,145.931,98.46,780
102,79560,143.840,97.44,780
103,80340,140.690,95.90,780
104,81120,142.787,96.92,780
105,81900,144.884,97.95,780
106,82680,145.940,98.46,780
107,83460,141.740,96.41,780
108,84240,139.649,95.38,780
109,85020,145.943,98.46,780
110,85800,145.934,98.46,780
111,86580,142.790,96.92,780
112,87360,141.743,96.41,780
113,88140,144.881,97.95,780
114,88920,145.943,98.46,780
115,89700,138.587,94.87,780
116,90480,141.749,96.41,780
117,91260,144.890,97.95,780
118,92040,145.934,98.46,780
119,92820,140.690,95.90,780
120,93600,141.743,96.41,780
121,94380,140.684,95.90,780
122,95160,143.840,97.44,780
123,95915,200.752,100.00,755
124,96695,146.974,98.97,780
125,97475,148.040,99.49,780
126,98255,148.005,99.49,780
127,99035,141.734,96.41,780
128,99815,140.671,95.90,780
129,100595,145.931,98.46,780
130,101375,148.018,99.49,780
131,102155,144.893,97.95,780
132,102935,148.037,99.49,780
133,103715,142.778,96.92,780
134,104495,144.896,97.95,780
135,105275,146.993,98.97,780
136,106055,146.974,98.97,780
137,106835,148.046,99.49,780
138,107615,141.734,96.41,780
139,108395,144.893,97.95,780
140,109175,148.031,99.49,780
141,109955,146.990,98.97,780
142,110735,146.990,98.97,780
143,111515,143.828,97.44,780
144,112295,145.931,98.46,780
145,113075,147.993,99.49,780
146,113855,146.997,98.97,780
147,114635,148.018,99.49,780
148,115415,145.925,98.46,780
149,115963,215.243,100.00,548
150,116743,141.749,96.41,780
151,117523,145.934,98.46,780
152,118303,145.943,98.46,780
153,119083,148.012,99.49,780
154,119863,148.040,99.49,780
155,120643,144.893,97.95,780
156,121398,200.753,100.00,755
157,122178,145.934,98.46,780
158,122958,145.928,98.46,780
159,123738,142.790,96.92,780
160,124518,142.793,96.92,780
161,125298,146.962,98.97,780
162,126078,145.918,98.46,780
163,126858,144.881,97.95,780
164,127638,145.943,98.46,780
165,128396,200.543,100.00,758
166,129176,144.896,97.95,780
167,129956,146.978,98.97,780
168,130736,146.990,98.97,780
169,131516,145.934,98.46,780
170,132296,144.878,97.95,780
171,133076,148.028,99.49,780
172,133856,145.937,98.46,780
173,134636,142.787,96.92,780
174,135416,142.774,96.92,780
175,136196,139.646,95.38,780
176,136976,144.887,97.95,780
177,137677,204.532,100.00,701
178,138457,145.927,98.46,780
179,139237,146.987,98.97,780
180,140017,145.937,98.46,780
181,140797,148.040,99.49,780
182,141577,139.646,95.38,780
183,142273,204.883,100.00,696
184,143053,148.012,99.49,780
185,143833,143.827,97.44,780
186,144613,147.996,99.49,780
187,145393,146.996,98.97,780
188,146173,145.927,98.46,780
189,146953,144.878,97.95,780
190,147733,141.740,96.41,780
191,148513,36.741,45.13,780
192,149293,146.990,98.97,780
193,150073,145.946,98.46,780
194,150780,204.112,100.00,707
195,151560,142.790,96.92,780
196,152248,205.443,100.00,688
197,153028,143.825,97.44,780
198,153681,207.893,100.00,653
199,154461,142.793,96.92,780
200,155241,146.990,98.97,780
201,155878,209.012,100.00,637
202,156658,148.012,99.49,780
203,157438,143.843,97.44,780
204,158218,144.859,97.95,780
205,158998,146.987,98.97,780
206,159778,146.984,98.97,780
207,160558,144.896,97.95,780
208,161338,144.878,97.95,780
209,162118,146.959,98.97,780
210,162898,144.875,97.95,780
211,163678,143.828,97.44,780
212,164458,148.037,99.49,780
213,165118,207.402,100.00,660
214,165898,146.974,98.97,780
215,166625,202.713,100.00,727
216,167405,148.000,99.49,780
217,168185,145.946,98.46,780
218,168965,146.971,98.97,780
219,169745,146.978,98.97,780
220,170471,202.783,100.00,726
221,171251,144.875,97.95,780
222,172031,148.031,99.49,780
223,172811,146.981,98.97,780
224,173438,209.713,100.00,627
225,174218,148.031,99.49,780
226,174998,147.993,99.49,780
227,175778,143.821,97.44,780
228,176254,220.283,100.00,476
229,177034,146.981,98.97,780
230,177814,147.990,99.49,780
231,178594,143.806,97.44,780
232,179374,145.937,98.46,780
233,180154,148.006,99.49,780
234,180787,209.293,100.00,633
235,181445,207.542,100.00,658
236,182225,148.012,99.49,780
237,183005,148.018,99.49,780
238,183697,205.163,100.00,692
239,184332,209.152,100.00,635
240,185013,205.933,100.00,681
241,185660,208.313,100.00,647
242,186401,201.733,100.00,741
243,187181,145.943,98.46,780
244,187798,210.412,100.00,617
245,188455,207.613,100.00,657
246,189084,209.573,100.00,629
247,189864,143.825,97.44,780
248,190644,146.975,98.97,780
249,191303,207.473,100.00,659
250,192083,145.925,98.46,780
251,192715,209.363,100.00,632
252,193495,146.953,98.97,780
253,194275,147.987,99.49,780
254,195055,148.015,99.49,780
255,195644,212.373,100.00,589
256,196282,208.943,100.00,638
257,196837,214.753,100.00,555
258,197617,148.024,99.49,780
259,198397,147.996,99.49,780
260,199177,142.784,96.92,780
261,199836,207.473,100.00,659
262,200585,201.173,100.00,749
263,201365,148.046,99.49,780
264,202054,205.372,100.00,689
265,202699,208.453,100.00,645
266,203306,211.113,100.00,607
267,204073,199.912,100.00,767
268,204853,146.965,98.97,780
269,205444,212.233,100.00,591
270,206224,134.381,92.82,780
271,207004,145.943,98.46,780
272,207784,145.896,98.46,780
273,208564,148.028,99.49,780
274,209161,211.813,100.00,597
275,209713,214.963,100.00,552
276,210493,148.037,99.49,780
277,211016,216.992,100.00,523
278,211590,213.423,100.00,574
279,212218,209.642,100.00,628
280,212998,146.956,98.97,780
281,213600,211.462,100.00,602
282,214380,148.037,99.49,780
283,215012,209.363,100.00,632
284,215711,204.673,100.00,699
285,216491,146.971,98.97,780
286,217229,201.943,100.00,738
287,217738,217.973,100.00,509
288,218518,146.971,98.97,780
289,219298,146.997,98.97,780
290,219777,220.073,100.00,479
291,220351,213.423,100.00,574
292,220967,210.483,100.00,616
293,221604,209.013,100.00,637
294,222000,225.883,100.00,396
295,222715,203.553,100.00,715
296,223495,148.046,99.49,780
297,224037,215.663,100.00,542
298,224817,139.640,95.38,780
299,225362,215.453,100.00,545
300,226024,207.263,100.00,662
301,226446,224.062,100.00,422
302,227083,209.013,100.00,637
303,227570,219.513,100.00,487
304,228350,146.977,98.97,780
305,229075,202.853,100.00,725
306,229820,201.453,100.00,745
307,230258,222.943,100.00,438
308,230736,220.143,100.00,478
309,231238,218.463,100.00,502
310,231897,207.473,100.00,659
311,232444,215.313,100.00,547
312,233093,208.172,100.00,649
313,233550,221.613,100.00,457
314,234139,212.373,100.00,589
315,234640,218.533,100.00,501
316,235189,215.173,100.00,549
317,235701,217.762,100.00,512
318,236128,223.713,100.00,427
319,236633,218.253,100.00,505
320,237301,206.843,100.00,668
321,237863,214.263,100.00,562
322,238487,209.923,100.00,624
323,238962,220.353,100.00,475
324,239375,224.693,100.00,413
325,239875,218.603,100.00,500
326,240626,201.033,100.00,751
327,241256,209.502,100.00,630
328,241873,210.413,100.00,617
329,242653,146.994,98.97,780
330,243433,142.778,96.92,780
331,244213,141.731,96.41,780
332,244800,212.512,100.00,587
333,245342,215.662,100.00,542
334,245825,219.793,100.00,483
335,246300,220.353,100.00,475
336,246840,215.802,100.00,540
337,247350,217.903,100.00,510
338,247915,214.053,100.00,565
339,248423,218.043,100.00,508
340,248828,225.253,100.00,405
341,249492,207.123,100.00,664
342,250008,217.483,100.00,516
343,250525,217.413,100.00,517
344,251115,212.303,100.00,590
345,251759,208.523,100.00,644
346,252197,222.943,100.00,438
347,252675,220.143,100.00,478
348,253212,216.013,100.00,537
349,253661,222.173,100.00,449
350,254114,221.893,100.00,453
351,254590,220.283,100.00,476
352,255069,220.073,100.00,479
353,255530,221.333,100.00,461
354,256310,140.697,95.90,780
355,257063,200.893,100.00,753
356,257526,221.193,100.00,463
357,258003,220.213,100.00,477
358,258783,148.022,99.49,780
359,259204,224.133,100.00,421
360,259984,148.031,99.49,780
361,260537,214.893,100.00,553
362,260943,225.183,100.00,406
363,261402,221.472,100.00,459
364,261907,218.253,100.00,505
365,262450,215.593,100.00,543
366,262931,219.933,100.00,481
367,263637,204.183,100.00,706
368,264022,226.653,100.00,385
369,264641,210.273,100.00,619
370,265182,215.733,100.00,541
371,265588,225.183,100.00,406
372,266096,218.043,100.00,508
373,266693,211.812,100.00,597
374,267473,145.918,98.46,780
375,267930,221.613,100.00,457
376,268710,144.868,97.95,780
377,269490,148.044,99.49,780
378,269919,223.573,100.00,429
379,270392,220.493,100.00,473
380,270772,227.003,100.00,380
381,271340,213.843,100.00,568
382,271801,221.333,100.00,461
383,272268,220.913,100.00,467
384,272653,226.653,100.00,385
385,273070,224.413,100.00,417
386,273583,217.693,100.00,513
387,274363,146.993,98.97,780
388,274892,216.573,100.00,529
389,275302,224.903,100.00,410
390,275676,227.423,100.00,374
391,276158,219.863,100.00,482
392,276539,226.933,100.00,381
393,276992,221.893,100.00,453
394,277401,224.973,100.00,409
395,277816,224.553,100.00,415
396,278280,221.123,100.00,464
397,278790,217.903,100.00,510
398,279430,208.803,100.00,640
399,279901,220.633,100.00,471
400,280349,222.243,100.00,448
401,280848,218.673,100.00,499
402,281291,222.593,100.00,443
403,282071,137.529,94.36,780
404,282537,220.983,100.00,466
405,283003,220.983,100.00,466
406,283520,217.413,100.00,517
407,283967,222.313,100.00,447
408,284400,223.293,100.00,433
409,284806,225.183,100.00,406
410,285292,219.583,100.00,486
411,285751,221.473,100.00,459
412,286149,225.743,100.00,398
413,286654,218.253,100.00,505
414,287182,216.643,100.00,528
415,287935,200.893,100.00,753
416,288343,225.043,100.00,408
417,288834,219.233,100.00,491
418,289269,223.153,100.00,435
419,289730,221.333,100.00,461
420,290168,222.943,100.00,438
421,290635,220.913,100.00,467
422,291036,225.533,100.00,401
423,291500,221.123,100.00,464
424,291998,218.743,100.00,498
425,292563,214.053,100.00,565
426,292980,224.413,100.00,417
427,293403,223.993,100.00,423
428,293719,231.483,100.00,316
429,294426,204.113,100.00,707
430,294841,224.553,100.00,415
431,295246,225.253,100.00,405
432,295773,216.713,100.00,527
433,296121,229.243,100.00,348
434,296637,217.483,100.00,516
435,297158,217.133,100.00,521
436,297581,223.993,100.00,423
437,297972,226.233,100.00,391
438,298337,228.053,100.00,365
439,299117,144.893,97.95,780
440,299510,226.093,100.00,393
441,299856,229.383,100.00,346
442,300219,228.193,100.00,363
443,300608,226.373,100.00,389
444,301204,211.882,100.00,596
445,301683,220.073,100.00,479
446,302169,219.583,100.00,486
447,302949,111.288,81.54,780
448,303356,225.113,100.00,407
449,303745,226.373,100.00,389
450,304203,221.543,100.00,458
451,304605,225.463,100.00,402
452,304942,230.013,100.00,337
453,305722,148.031,99.49,780
454,306192,220.703,100.00,470
455,306536,229.523,100.00,344
456,306913,227.213,100.00,377
457,307241,230.643,100.00,328
458,307653,224.763,100.00,412
459,308032,227.073,100.00,379
460,308450,224.343,100.00,418
461,309230,143.831,97.44,780
462,309590,228.403,100.00,360
463,310033,222.593,100.00,443
464,310503,220.703,100.00,470
465,310992,219.372,100.00,489
466,311348,228.683,100.00,356
467,311708,228.403,100.00,360
468,312144,223.083,100.00,436
469,312500,228.683,100.00,356
470,312864,228.123,100.00,364
471,313220,228.683,100.00,356
472,313683,221.193,100.00,463
473,314039,228.683,100.00,356
474,314448,224.973,100.00,409
475,314917,220.773,100.00,469
476,315439,217.063,100.00,522
477,315900,221.333,100.00,461
478,316330,223.503,100.00,430
479,317021,205.232,100.00,691
480,317402,226.933,100.00,381
481,317791,226.373,100.00,389
482,318197,225.182,100.00,406
483,318675,220.143,100.00,478
484,319047,227.563,100.00,372
485,319434,226.513,100.00,387
486,319861,223.713,100.00,427
487,320464,211.393,100.00,603
488,320859,225.953,100.00,395
489,321280,224.133,100.00,421
490,321631,229.033,100.00,351
491,321957,230.783,100.00,326
492,322320,228.193,100.00,363
493,322740,224.203,100.00,420
494,323158,224.343,100.00,418
495,323796,208.943,100.00,638
496,324238,222.663,100.00,442
497,324639,225.533,100.00,401
498,325150,217.833,100.00,511
499,325539,226.373,100.00,389
500,325885,229.383,100.00,346
501,326222,230.013,100.00,337
502,327002,148.016,99.49,780
503,327782,148.028,99.49,780
504,328144,228.263,100.00,362
505,328589,222.453,100.00,445
506,328926,230.013,100.00,337
507,329285,228.473,100.00,359
508,329650,228.053,100.00,365
509,330004,228.823,100.00,354
510,330359,228.753,100.00,355
511,330804,222.453,100.00,445
512,331194,226.303,100.00,390
513,331618,223.923,100.00,424
514,331954,230.083,100.00,336
515,332315,228.333,100.00,361
516,332661,229.383,100.00,346
517,333001,229.803,100.00,340
518,333405,225.323,100.00,404
519,333737,230.363,100.00,332
520,334343,211.183,100.00,606
521,334797,221.823,100.00,454
522,335300,218.393,100.00,503
523,336022,203.063,100.00,722
524,336335,231.693,100.00,313
525,336740,225.253,100.00,405
526,337153,224.693,100.00,413
527,337542,226.373,100.00,389
528,337940,225.743,100.00,398
529,338337,225.813,100.00,397
530,338755,224.343,100.00,418
531,339464,203.973,100.00,709
532,339896,223.363,100.00,432
533,340284,226.443,100.00,388
534,340876,212.163,100.00,592
535,341383,218.113,100.00,507
536,341723,229.803,100.00,340
537,342122,225.673,100.00,399
538,342487,228.053,100.00,365
539,342839,228.963,100.00,352
540,343525,205.582,100.00,686
541,343946,224.133,100.00,421
542,344323,227.213,100.00,377
543,344683,228.403,100.00,360
544,345014,230.433,100.00,331
545,345340,230.783,100.00,326
546,345687,229.313,100.00,347
547,346096,224.973,100.00,409
548,346402,232.183,100.00,306
549,346728,230.783,100.00,326
550,347126,225.743,100.00,398
551,347647,217.133,100.00,521
552,348034,226.513,100.00,387
553,348633,211.673,100.00,599
554,349413,146.997,98.97,780
555,349769,228.683,100.00,356
556,350166,225.813,100.00,397
557,350492,230.783,100.00,326
558,350995,218.392,100.00,503
559,351391,225.883,100.00,396
560,351757,227.983,100.00,366
561,352107,229.103,100.00,350
562,352429,231.063,100.00,322
563,352820,226.233,100.00,391
564,353204,226.723,100.00,384
565,353548,229.523,100.00,344
566,353908,228.403,100.00,360
567,354288,227.003,100.00,380
568,354672,226.723,100.00,384
569,355069,225.813,100.00,397
570,355390,231.133,100.00,321
571,355754,228.123,100.00,364
572,356144,226.303,100.00,390
573,356492,229.243,100.00,348
574,356842,229.103,100.00,350
575,357622,148.040,99.49,780
576,358030,225.043,100.00,408
577,358366,230.083,100.00,336
578,359146,148.037,99.49,780
579,359550,225.323,100.00,404
580,360330,148.031,99.49,780
581,360624,233.023,100.00,294
582,360971,229.313,100.00,347
583,361293,231.063,100.00,322
584,361608,231.553,100.00,315
585,362036,223.643,100.00,428
586,362469,223.293,100.00,433
587,362907,222.943,100.00,438
588,363274,227.913,100.00,367
589,363783,217.973,100.00,509
590,364262,220.073,100.00,479
591,364637,227.353,100.00,375
592,365030,226.093,100.00,393
593,365405,227.353,100.00,375
594,365814,224.973,100.00,409
595,366233,224.273,100.00,419
596,366609,227.283,100.00,376
597,366922,231.693,100.00,313
598,367289,227.913,100.00,367
599,367641,228.963,100.00,352
600,368022,226.933,100.00,381
601,368415,226.093,100.00,393
602,368700,233.653,100.00,285
603,369332,209.363,100.00,632
604,369709,227.213,100.00,377
605,370088,227.073,100.00,379
606,370494,225.183,100.00,406
607,370876,226.863,100.00,382
608,371304,223.643,100.00,428
609,371637,230.293,100.00,333
610,372014,227.213,100.00,377
611,372327,231.693,100.00,313
612,372732,225.253,100.00,405
613,373117,226.653,100.00,385
614,373482,228.053,100.00,365
615,373891,224.973,100.00,409
616,374272,226.933,100.00,381
617,374660,226.443,100.00,388
618,375009,229.173,100.00,349
619,375342,230.293,100.00,333
620,375797,221.753,100.00,455
621,376216,224.273,100.00,419
622,376653,223.013,100.00,437
623,376980,230.713,100.00,327
624,377284,232.323,100.00,304
625,377851,213.912,100.00,567
626,378205,228.823,100.00,354
627,378703,218.743,100.00,498
628,379071,227.843,100.00,368
629,379597,216.783,100.00,526
630,379980,226.793,100.00,383
631,380401,224.133,100.00,421
632,380753,228.963,100.00,352
633,381156,225.393,100.00,403
634,381536,227.003,100.00,380
635,381963,223.713,100.00,427
636,382282,231.273,100.00,319
637,382668,226.583,100.00,386
638,383079,224.833,100.00,411
639,383574,218.953,100.00,495
640,383886,231.763,100.00,312
641,384501,210.553,100.00,615
642,384892,226.233,100.00,391
643,385247,228.753,100.00,355
644,385657,224.903,100.00,410
645,385970,231.693,100.00,313
646,386418,222.243,100.00,448
647,386778,228.403,100.00,360
648,387118,229.803,100.00,340
649,387474,228.683,100.00,356
650,387832,228.543,100.00,358
651,388182,229.103,100.00,350
652,388551,227.773,100.00,369
653,388929,227.143,100.00,378
654,389313,226.723,100.00,384
655,389973,207.403,100.00,660
656,390333,228.403,100.00,360
657,390741,225.043,100.00,408
658,391065,230.923,100.00,324
659,391500,223.153,100.00,435
660,391865,228.053,100.00,365
661,392310,222.453,100.00,445
662,392665,228.753,100.00,355
663,392983,231.343,100.00,318
664,393317,230.223,100.00,334
665,393618,232.533,100.00,301
666,393962,229.523,100.00,344
667,394341,227.073,100.00,379
668,394707,227.983,100.00,366
669,395121,224.623,100.00,414
670,395501,227.003,100.00,380
671,395887,226.583,100.00,386
672,396277,226.303,100.00,390
673,396679,225.463,100.00,402
674,397096,224.413,100.00,417
675,397505,224.973,100.00,409
676,397849,229.523,100.00,344
677,398255,225.183,100.00,406
678,398745,219.303,100.00,490
679,399170,223.853,100.00,425
680,399485,231.553,100.00,315
681,399811,230.783,100.00,326
682,400151,229.803,100.00,340
683,400477,230.783,100.00,326
684,400863,226.583,100.00,386
685,401221,228.543,100.00,358
686,401592,227.633,100.00,371
687,401992,225.603,100.00,400
688,402365,227.493,100.00,373
689,402736,227.633,100.00,371
690,403109,227.493,100.00,373
691,403507,225.743,100.00,398
692,404008,218.533,100.00,501
693,404337,230.573,100.00,329
694,404721,226.723,100.00,384
695,405044,230.993,100.00,323
696,405498,221.823,100.00,454
697,405876,227.143,100.00,378
698,406258,226.863,100.00,382
699,406592,230.223,100.00,334
700,406958,227.983,100.00,366
701,407379,224.133,100.00,421
702,407769,226.303,100.00,390
703,408177,225.043,100.00,408
704,408610,223.293,100.00,433
705,408986,227.283,100.00,376
706,409308,231.063,100.00,322
707,409735,223.713,100.00,427
708,410190,221.753,100.00,455
709,410536,229.383,100.00,346
710,410934,225.743,100.00,398
711,411300,227.983,100.00,366
712,411692,226.163,100.00,392
713,412081,226.373,100.00,389
714,412446,228.053,100.00,365
715,412831,226.653,100.00,385
716,413164,230.293,100.00,333
717,413490,230.783,100.00,326
718,413898,225.043,100.00,408
719,414251,228.893,100.00,353
720,414610,228.473,100.00,359
721,414937,230.713,100.00,327
722,415304,227.913,100.00,367
723,415681,227.213,100.00,377
724,416076,225.953,100.00,395
725,416489,224.693,100.00,413
726,416955,220.983,100.00,466
727,417284,230.573,100.00,329
728,417695,224.833,100.00,411
729,418093,225.743,100.00,398
730,418564,220.633,100.00,471
731,418964,225.603,100.00,400
732,419478,217.623,100.00,514
733,419835,228.613,100.00,357
734,420210,227.353,100.00,375
735,420573,228.193,100.00,363
736,420929,228.683,100.00,356
737,421298,227.773,100.00,369
738,421645,229.313,100.00,347
739,422066,224.133,100.00,421
740,422574,218.043,100.00,508
741,422983,224.973,100.00,409
742,423414,223.433,100.00,431
743,423899,219.653,100.00,485
744,424256,228.613,100.00,357
745,424655,225.673,100.00,399
746,425064,224.973,100.00,409
747,425464,225.603,100.00,400
748,425861,225.813,100.00,397
749,426472,210.833,100.00,611
750,426912,222.803,100.00,440
751,427498,212.583,100.00,586
752,427949,222.033,100.00,451
753,428301,228.963,100.00,352
754,429081,138.569,94.87,780
755,429438,228.613,100.00,357
756,429855,224.413,100.00,417
757,430248,226.093,100.00,393
758,430745,218.813,100.00,497
759,431525,148.025,99.49,780
760,431928,225.393,100.00,403
761,432226,232.743,100.00,298
762,432554,230.643,100.00,328
763,432952,225.743,100.00,398
764,433289,230.013,100.00,337
765,433865,213.283,100.00,576
766,434239,227.423,100.00,374
767,434590,229.033,100.00,351
768,434913,230.993,100.00,323
769,435235,231.063,100.00,322
770,435582,229.313,100.00,347
771,435880,232.743,100.00,298
772,436394,217.623,100.00,514
773,436737,229.593,100.00,343
774,437150,224.693,100.00,413
775,437460,231.903,100.00,310
776,437903,222.593,100.00,443
777,438255,228.963,100.00,352
778,438642,226.513,100.00,387
779,439107,221.053,100.00,465
780,439499,226.163,100.00,392
781,439942,222.593,100.00,443
782,440337,225.953,100.00,395
783,440952,210.553,100.00,615
784,441288,230.083,100.00,336
785,441627,229.873,100.00,339
786,442044,224.413,100.00,417
787,442484,222.803,100.00,440
788,442840,228.683,100.00,356
789,443214,227.423,100.00,374
790,443608,226.023,100.00,394
791,444022,224.623,100.00,414
792,444337,231.553,100.00,315
793,444650,231.693,100.00,313
794,445098,222.243,100.00,448
795,445553,221.753,100.00,455
796,445889,230.083,100.00,336
797,446407,217.343,100.00,518
798,446765,228.543,100.00,358
799,447143,227.143,100.00,378
800,447923,131.225,91.28,780
801,448453,216.503,100.00,530
802,448820,227.913,100.00,367
803,449229,224.973,100.00,409
804,449677,222.243,100.00,448
805,450147,220.703,100.00,470
806,450464,231.413,100.00,317
807,450918,221.823,100.00,454
808,451289,227.633,100.00,371
809,451630,229.733,100.00,341
810,452070,222.803,100.00,440
811,452449,227.073,100.00,379
812,452872,223.993,100.00,423
813,453219,229.313,100.00,347
814,453624,225.253,100.00,405
815,453969,229.453,100.00,345
816,454749,143.850,97.44,780
817,455134,226.653,100.00,385
818,455661,216.713,100.00,527
819,456074,224.693,100.00,413
820,456435,228.333,100.00,361
821,456965,216.503,100.00,530
822,457300,230.153,100.00,335
823,457597,232.813,100.00,297
824,457931,230.223,100.00,334
825,458483,214.963,100.00,552
826,458815,230.363,100.00,332
827,459183,227.843,100.00,368
828,459621,222.943,100.00,438
829,459972,229.033,100.00,351
830,460358,226.583,100.00,386
831,460684,230.783,100.00,326
832,461127,222.593,100.00,443
833,461503,227.283,100.00,376
834,461933,223.503,100.00,430
835,462713,122.850,87.18,780
836,463063,229.103,100.00,350
837,463447,226.723,100.00,384
838,463923,220.283,100.00,476
839,464274,229.033,100.00,351
840,464619,229.453,100.00,345
841,464929,231.903,100.00,310
842,465291,228.263,100.00,362
843,465690,225.673,100.00,399
844,465985,232.953,100.00,295
845,466397,224.763,100.00,412
846,466826,223.573,100.00,429
847,467260,223.223,100.00,434
848,467650,226.303,100.00,390
849,467989,229.873,100.00,339
850,468303,231.623,100.00,314
851,468637,230.223,100.00,334
852,469054,224.413,100.00,417
853,469388,230.223,100.00,334
854,469777,226.373,100.00,389
855,470148,227.633,100.00,371
856,470484,230.083,100.00,336
857,470838,228.823,100.00,354
858,471184,229.383,100.00,346
859,471672,219.443,100.00,488
860,472161,219.373,100.00,489
861,472595,223.223,100.00,434
862,473020,223.853,100.00,425
863,473396,227.283,100.00,376
864,473758,228.263,100.00,362
865,474167,224.973,100.00,409
866,474619,221.963,100.00,452
867,474962,229.593,100.00,343
868,475502,215.803,100.00,540
869,476069,213.913,100.00,567
870,476608,215.873,100.00,539
871,476975,227.913,100.00,367
872,477387,224.763,100.00,412
873,477783,225.883,100.00,396
874,478153,227.703,100.00,370
875,478539,226.583,100.00,386
876,479085,215.383,100.00,546
877,479865,148.037,99.49,780
878,480405,215.802,100.00,540
879,480749,229.523,100.00,344
880,481529,143.828,97.44,780
881,481880,229.033,100.00,351
882,482660,148.034,99.49,780
883,483099,222.873,100.00,439
884,483558,221.473,100.00,459
885,483867,231.973,100.00,309
886,484264,225.813,100.00,397
887,484648,226.723,100.00,384
888,485051,225.393,100.00,403
889,485576,216.853,100.00,525
890,485890,231.623,100.00,314
891,486314,223.923,100.00,424
892,486703,226.373,100.00,389
893,487028,230.853,100.00,325
894,487553,216.853,100.00,525
895,487970,224.413,100.00,417
896,488462,219.163,100.00,492
897,489021,214.473,100.00,559
898,489556,216.153,100.00,535
899,489954,225.743,100.00,398
900,490296,229.663,100.00,342
901,490669,227.493,100.00,373
902,491359,205.303,100.00,690
903,491830,220.633,100.00,471
904,492112,233.863,100.00,282
905,492588,220.282,100.00,476
906,493011,223.993,100.00,423
907,493364,228.893,100.00,353
908,493720,228.683,100.00,356
909,494500,16.787,35.38,780
910,494926,223.783,100.00,426
911,495255,230.573,100.00,329
912,495766,217.833,100.00,511
913,496273,218.113,100.00,507
914,496703,223.503,100.00,430
915,497135,223.363,100.00,432
916,497484,229.173,100.00,349
917,497833,229.173,100.00,349
918,498196,228.193,100.00,363
919,498630,223.223,100.00,434
920,499204,213.423,100.00,574
921,499575,227.633,100.00,371
922,499909,230.223,100.00,334
923,500265,228.683,100.00,356
924,500873,67.668,69.74,608
925,501497,91.761,83.33,624
926,502093,111.552,98.66,596
927,502498,186.403,100.00,405
928,503075,161.764,100.00,577
929,503579,186.823,100.00,504
930,504227,64.884,65.43,648
931,504567,183.603,100.00,340
932,504967,184.653,100.00,400
933,505280,181.293,100.00,313
934,505912,103.810,89.87,632
935,506364,175.763,100.00,452
936,506944,-13.306,18.62,580
937,507387,186.893,100.00,443
938,507911,174.923,100.00,524
939,508460,165.824,100.00,549
940,508954,174.923,100.00,494
941,509516,162.814,100.00,562
942,510092,100.368,93.75,576
943,510435,194.943,100.00,343
944,510678,189.343,100.00,243
945,511154,179.333,100.00,476
946,511530,174.783,100.00,376
947,512009,168.623,100.00,479
948,512617,114.909,99.34,608
949,513237,110.941,95.48,620
950,513857,114.075,97.42,620
951,514173,182.133,100.00,316
952,514674,169.184,100.00,501
953,515000,196.133,100.00,326
954,515422,184.163,100.00,422
955,515704,195.013,100.00,282
956,516024,194.453,100.00,320
957,516435,180.733,100.00,411
958,516819,182.623,100.00,384
959,517208,191.723,100.00,389
960,517836,118.781,99.36,628
961,518081,179.753,100.00,245
962,518541,184.653,100.00,460
963,519129,111.072,99.32,588
964,519571,170.164,100.00,442
965,520031,180.453,100.00,460
966,520494,182.343,100.00,463
967,521096,168.414,100.00,602
968,521395,185.423,100.00,299
969,521800,175.904,100.00,405
970,522192,193.613,100.00,392
971,522509,195.713,100.00,317
972,522921,182.763,100.00,412
973,523370,182.273,100.00,449
974,523874,180.523,100.00,504
975,524244,183.603,100.00,370
976,524713,177.724,100.00,469
977,525098,169.954,100.00,385
978,525722,118.004,99.36,624
979,526027,180.803,100.00,305
980,526330,187.243,100.00,303
981,526909,168.974,100.00,579
982,527537,116.684,98.09,628
983,527960,175.693,100.00,423
984,528568,112.837,98.03,608
985,528966,183.743,100.00,398
986,529354,176.044,100.00,388
987,529765,182.833,100.00,411
988,530082,193.613,100.00,317
989,530340,193.543,100.00,258
990,530875,166.804,100.00,535
991,531256,181.783,100.00,381
992,531707,191.583,100.00,451
993,532063,197.183,100.00,356
994,532430,178.563,100.00,367
995,532916,181.783,100.00,486
996,533217,185.283,100.00,301
997,533690,183.743,100.00,473
998,533968,179.543,100.00,278
999,534266,187.593,100.00,298
1000,534631,182.903,100.00,365
1001,535063,180.313,100.00,432
1002,535461,171.144,100.00,398
1003,536073,115.710,99.35,612
1004,536624,171.984,100.00,551
1005,537236,113.598,98.04,612
1006,537515,189.973,100.00,279
1007,538020,185.703,100.00,505
1008,538652,117.451,98.10,632
1009,539075,187.243,100.00,423
1010,539405,184.303,100.00,330
1011,539697,184.863,100.00,292
1012,540119,181.013,100.00,422
1013,540483,194.523,100.00,364
1014,540950,167.364,100.00,467
1015,541226,189.133,100.00,276
1016,541548,196.413,100.00,322
1017,541872,194.173,100.00,324
1018,542225,185.843,100.00,353
1019,542527,185.213,100.00,302
1020,542837,186.753,100.00,310
1021,543138,194.733,100.00,301
1022,543436,187.593,100.00,298
1023,544035,175.974,100.00,599
1024,544317,190.813,100.00,282
1025,544673,183.533,100.00,356
1026,545309,111.899,94.34,636
1027,545620,187.733,100.00,311
1028,546096,176.183,100.00,476
1029,546402,196.483,100.00,306
1030,546759,198.163,100.00,357
1031,547052,179.543,100.00,293
1032,547353,184.233,100.00,301
1033,547779,183.883,100.00,426
1034,548159,183.953,100.00,380
1035,548771,111.501,96.73,612
1036,549208,185.213,100.00,437
1037,549544,182.833,100.00,336
1038,549832,183.043,100.00,288
1039,550143,183.533,100.00,311
1040,550411,191.793,100.00,268
1041,550727,185.283,100.00,316
1042,551029,181.013,100.00,302
1043,551465,189.483,100.00,436
1044,551764,201.173,100.00,299
1045,552128,187.173,100.00,364
1046,552558,194.103,100.00,430
1047,552818,176.603,100.00,260
1048,553502,103.314,84.80,684
1049,553852,180.803,100.00,350
1050,554244,178.913,100.00,392
1051,554588,188.573,100.00,344
1052,554917,189.623,100.00,329
1053,555261,179.123,100.00,344
1054,555555,189.973,100.00,294
1055,555834,193.123,100.00,279
1056,556462,116.690,98.09,628
1057,556849,181.363,100.00,387
1058,557161,189.763,100.00,312
1059,557467,192.283,100.00,306
1060,558119,77.201,72.39,652
1061,558580,171.983,100.00,461
1062,558901,194.383,100.00,321
1063,559190,194.523,100.00,289
1064,559462,188.363,100.00,272
1065,559935,186.893,100.00,473
1066,560195,188.153,100.00,260
1067,560520,194.103,100.00,325
1068,561132,99.957,89.54,612
1069,561462,179.053,100.00,330
1070,561753,194.383,100.00,291
1071,562086,181.993,100.00,333
1072,562383,193.963,100.00,297
1073,562709,190.883,100.00,326
1074,563032,188.993,100.00,323
1075,563393,176.884,100.00,361
1076,563642,181.573,100.00,249
1077,563909,192.913,100.00,267
1078,564154,189.203,100.00,245
1079,564525,183.533,100.00,371
1080,564852,181.363,100.00,327
1081,565103,182.483,100.00,251
1082,565391,189.343,100.00,288
1083,565658,184.513,100.00,267
1084,565916,193.543,100.00,258
1085,566415,187.173,100.00,499
1086,566913,179.893,100.00,498
1087,567252,189.973,100.00,339
1088,567568,181.083,100.00,316
1089,567920,188.013,100.00,352
1090,568239,182.973,100.00,319
1091,568645,186.333,100.00,406
1092,569269,106.464,92.31,624
1093,569677,178.843,100.00,408
1094,569994,189.413,100.00,317
1095,570450,183.883,100.00,456
1096,570757,192.213,100.00,307
1097,571115,183.393,100.00,358
1098,571568,176.744,100.00,453
1099,571917,187.173,100.00,349
1100,572403,185.983,100.00,486
1101,572618,187.103,100.00,215
1102,572883,189.903,100.00,265
1103,573202,197.673,100.00,319
1104,573495,178.493,100.00,293
1105,573810,194.803,100.00,315
1106,574207,188.013,100.00,397
1107,574526,195.573,100.00,319
1108,574882,196.133,100.00,356
1109,575275,194.593,100.00,393
1110,575604,191.723,100.00,329
1111,575929,179.403,100.00,325
1112,576484,170.653,100.00,555
1113,576798,181.223,100.00,314
1114,577064,200.333,100.00,266
1115,577350,193.683,100.00,286
1116,577700,198.653,100.00,350
1117,578060,189.553,100.00,360
1118,578411,185.983,100.00,351
1119,578695,192.773,100.00,284
1120,579210,180.803,100.00,515
1121,579585,190.603,100.00,375
1122,579915,192.703,100.00,330
1123,580171,178.983,100.00,256
1124,580469,192.843,100.00,298
1125,581044,175.554,100.00,575
1126,581385,190.883,100.00,341
1127,581703,195.643,100.00,318
1128,581976,184.093,100.00,273
1129,582241,186.753,100.00,265
1130,582593,192.213,100.00,352
1131,583007,173.173,100.00,414
1132,583322,193.753,100.00,315
1133,583748,176.534,100.00,426
1134,584045,191.863,100.00,297
1135,584352,188.013,100.00,307
1136,584609,195.713,100.00,257
1137,584908,189.623,100.00,299
1138,585312,190.673,100.00,404
1139,585631,192.423,100.00,319
1140,585957,185.633,100.00,326
1141,586321,192.423,100.00,364
1142,586620,185.423,100.00,299
1143,586858,188.643,100.00,238
1144,587180,195.363,100.00,322
1145,587526,185.283,100.00,346
1146,587936,191.303,100.00,410
1147,588266,190.603,100.00,330
1148,588589,199.493,100.00,323
1149,588893,193.473,100.00,304
1150,589162,190.673,100.00,269
1151,589505,192.843,100.00,343
1152,589867,183.113,100.00,362
1153,590238,192.983,100.00,371
1154,590533,188.853,100.00,295
1155,590807,182.973,100.00,274
1156,591120,193.893,100.00,313
1157,591416,195.083,100.00,296
1158,591689,186.193,100.00,273
1159,592052,174.644,100.00,363
1160,592641,174.574,100.00,589
1161,593022,189.133,100.00,381
1162,593339,183.113,100.00,317
1163,593797,175.344,100.00,458
1164,594118,187.033,100.00,321
1165,594695,174.363,100.00,577
1166,595040,196.903,100.00,345
1167,595342,186.263,100.00,302
1168,595706,193.473,100.00,364
1169,595995,182.973,100.00,289
1170,596320,187.803,100.00,325
1171,596598,178.493,100.00,278
1172,596885,188.363,100.00,287
1173,597154,199.073,100.00,269
1174,597382,181.993,100.00,228
1175,597641,190.323,100.00,259
1176,597984,192.843,100.00,343
1177,598262,192.143,100.00,278
1178,598523,199.633,100.00,261
1179,598851,184.443,100.00,328
1180,599139,180.943,100.00,288
1181,599450,185.633,100.00,311
1182,599866,186.683,100.00,416
1183,600183,175.764,100.00,317
1184,600574,193.683,100.00,391
1185,600816,190.463,100.00,242
1186,601210,189.273,100.00,394
1187,601570,181.153,100.00,360
1188,601978,183.043,100.00,408
1189,602241,190.043,100.00,263
1190,602604,175.694,100.00,363
1191,602978,182.273,100.00,374
1192,603392,175.273,100.00,414
1193,603808,178.283,100.00,416
1194,604103,187.803,100.00,295
1195,604406,176.743,100.00,303
1196,604686,181.503,100.00,280
1197,604932,185.983,100.00,246
1198,605219,176.813,100.00,287
1199,605545,190.883,100.00,326
1200,605940,189.203,100.00,395
1201,606536,107.355,95.97,596
1202,606952,169.883,100.00,416
1203,607369,186.613,100.00,417
1204,607735,187.033,100.00,366
1205,608055,186.053,100.00,320
1206,608331,195.433,100.00,276
1207,608660,172.823,100.00,329
1208,608961,185.283,100.00,301
1209,609206,192.353,100.00,245
1210,609631,178.703,100.00,425
1211,609912,187.733,100.00,281
1212,610248,187.033,100.00,336
1213,610876,82.031,77.07,628
1214,611119,189.343,100.00,243
1215,611454,195.503,100.00,335
1216,611811,198.163,100.00,357
1217,612391,177.304,100.00,580
1218,612670,187.873,100.00,279
1219,613094,191.373,100.00,424
1220,613427,184.093,100.00,333
1221,613787,193.753,100.00,360
1222,614102,182.203,100.00,315
1223,614407,195.503,100.00,305
1224,614768,181.083,100.00,361
1225,615341,162.044,100.00,573
1226,615622,200.333,100.00,281
1227,615968,180.033,100.00,346
1228,616418,173.804,100.00,450
1229,616654,179.333,100.00,236
1230,617040,182.483,100.00,386
1231,617266,189.483,100.00,226
1232,617596,195.853,100.00,330
1233,617843,198.513,100.00,247
1234,618139,187.733,100.00,296
1235,618462,186.893,100.00,323
1236,618855,191.443,100.00,393
1237,619160,186.053,100.00,305
1238,619421,184.933,100.00,261
1239,619704,182.343,100.00,283
1240,620008,202.923,100.00,304
1241,620272,188.923,100.00,264
1242,620650,176.744,100.00,378
1243,620992,174.013,100.00,342
1244,621289,181.363,100.00,297
1245,621560,199.983,100.00,271
1246,621794,188.923,100.00,234
1247,622245,184.233,100.00,451
1248,622753,168.694,100.00,508
1249,623081,192.843,100.00,328
1250,623400,190.323,100.00,319
1251,623748,189.343,100.00,348
1252,624018,190.603,100.00,270
1253,624326,191.093,100.00,308
1254,624636,188.853,100.00,310
1255,625022,182.483,100.00,386
1256,625414,187.313,100.00,392
1257,625791,185.213,100.00,377
1258,626240,172.824,100.00,449
1259,626593,184.793,100.00,353
1260,627176,172.894,100.00,583
1261,627504,193.893,100.00,328
1262,627816,196.063,100.00,312
1263,628202,190.883,100.00,386
1264,628467,188.853,100.00,265
1265,628742,187.103,100.00,275
1266,628978,188.783,100.00,236
1267,629298,180.803,100.00,320
1268,629622,188.923,100.00,324
1269,629958,188.083,100.00,336
1270,630318,187.453,100.00,360
1271,630578,185.003,100.00,260
1272,630985,183.113,100.00,407
1273,631298,190.743,100.00,313
1274,631744,181.433,100.00,446
1275,632196,178.913,100.00,452
1276,632528,194.663,100.00,332
1277,632944,166.734,100.00,416
1278,633308,192.423,100.00,364
1279,633562,193.823,100.00,254
1280,633830,194.943,100.00,268
1281,634121,178.633,100.00,291
1282,634650,169.324,100.00,529
1283,634974,182.623,100.00,324
1284,635352,189.343,100.00,378
1285,635784,174.014,100.00,432
1286,636063,196.273,100.00,279
1287,636329,186.683,100.00,266
1288,636693,191.373,100.00,364
1289,637191,159.944,100.00,498
1290,637468,188.013,100.00,277
1291,637811,180.243,100.00,343
1292,638162,176.533,100.00,351
1293,638530,184.793,100.00,368
1294,638943,191.093,100.00,413
1295,639266,186.893,100.00,323
1296,639578,190.813,100.00,312
1297,639936,185.493,100.00,358
1298,640248,191.863,100.00,312
1299,640565,183.113,100.00,317
1300,640855,190.253,100.00,290
1301,641167,187.663,100.00,312
1302,641771,113.101,98.68,604
1303,642231,177.304,100.00,460
1304,642519,177.793,100.00,288
1305,643159,121.088,99.38,640
1306,643702,176.743,100.00,543
1307,644177,177.303,100.00,475
1308,644637,182.553,100.00,460
1309,645160,172.894,100.00,523
1310,645385,183.253,100.00,225
1311,645644,186.123,100.00,259
1312,645964,183.953,100.00,320
1313,646612,117.365,96.30,648
1314,646888,192.283,100.00,276
1315,647097,182.273,100.00,209
1316,647378,191.933,100.00,281
1317,647723,178.003,100.00,345
1318,648077,192.073,100.00,354
1319,648321,193.473,100.00,244
1320,648598,196.413,100.00,277
1321,648879,188.783,100.00,281
1322,649111,195.363,100.00,232
1323,649367,189.483,100.00,256
1324,649692,201.453,100.00,325
1325,650034,189.763,100.00,342
1326,650346,189.763,100.00,312
1327,650723,188.363,100.00,377
1328,650988,194.103,100.00,265
1329,651384,187.033,100.00,396
1330,651770,182.483,100.00,386
1331,652071,185.283,100.00,301
1332,652583,177.864,100.00,512
1333,653155,107.995,99.30,572
1334,653414,197.673,100.00,259
1335,653782,187.943,100.00,368
1336,654324,170.513,100.00,542
1337,654916,110.798,98.65,592
1338,655268,184.863,100.00,352
1339,655578,189.903,100.00,310
1340,655834,195.783,100.00,256
1341,656071,187.663,100.00,237
1342,656417,185.283,100.00,346
1343,656745,192.843,100.00,328
1344,657038,188.993,100.00,293
1345,657335,192.913,100.00,297
1346,657621,187.383,100.00,286
1347,657874,188.643,100.00,253
1348,658283,181.923,100.00,409
1349,658634,197.533,100.00,351
1350,658951,186.263,100.00,317
1351,659277,189.833,100.00,326
1352,659538,200.683,100.00,261
1353,659793,189.553,100.00,255
1354,660023,186.053,100.00,230
1355,660384,178.983,100.00,361
1356,660806,178.913,100.00,422
1357,661160,192.073,100.00,354
1358,661561,194.033,100.00,401
1359,661862,189.483,100.00,301
1360,662167,186.053,100.00,305
1361,662634,184.163,100.00,467
1362,663150,187.033,100.00,516
1363,663762,111.488,96.73,612
1364,664013,195.083,100.00,251
1365,664458,188.853,100.00,445
1366,665086,82.025,77.07,628
1367,665667,163.584,100.00,581
1368,666112,177.304,100.00,445
1369,666517,183.253,100.00,405
1370,666717,188.153,100.00,200
1371,667206,168.974,100.00,489
1372,667603,184.863,100.00,397
1373,667966,191.443,100.00,363
1374,668423,180.663,100.00,457
1375,668707,189.623,100.00,284
1376,669028,193.333,100.00,321
1377,669403,189.553,100.00,375
1378,669784,185.983,100.00,381
1379,670052,186.543,100.00,268
1380,670334,199.213,100.00,282
1381,670616,186.613,100.00,282
1382,670985,193.123,100.00,369
1383,671264,179.473,100.00,279
1384,671849,165.403,100.00,585
1385,672136,193.613,100.00,287
1386,672396,195.503,100.00,260
1387,672766,177.303,100.00,370
1388,673093,181.363,100.00,327
1389,673484,188.433,100.00,391
1390,673756,191.513,100.00,272
1391,674057,189.483,100.00,301
1392,674334,186.963,100.00,277
1393,674592,196.693,100.00,258
1394,674845,181.293,100.00,253
1395,675120,192.353,100.00,275
1396,675472,193.263,100.00,352
1397,675861,177.024,100.00,389
1398,676271,182.903,100.00,410
1399,676567,185.633,100.00,296
1400,676985,181.293,100.00,418
1401,677356,185.633,100.00,371
1402,677736,181.853,100.00,380
1403,678084,193.543,100.00,348
1404,678390,185.983,100.00,306
1405,678635,181.853,100.00,245
1406,678966,185.283,100.00,331
1407,679246,176.253,100.00,280
1408,679767,173.034,100.00,521
1409,680025,188.293,100.00,258
1410,680315,189.203,100.00,290
1411,680613,194.943,100.00,298
1412,680910,195.013,100.00,297
1413,681154,181.923,100.00,244
1414,681450,187.733,100.00,296
1415,681801,180.733,100.00,351
1416,682033,180.663,100.00,232
1417,682608,178.704,100.00,575
1418,682891,185.493,100.00,283
1419,683232,189.833,100.00,341
1420,683563,198.933,100.00,331
1421,683890,182.413,100.00,327
1422,684178,187.243,100.00,288
1423,684441,194.243,100.00,263
1424,684955,165.123,100.00,514
1425,685268,194.943,100.00,313
1426,685583,187.453,100.00,315
1427,685840,199.913,100.00,257
1428,686176,188.083,100.00,336
1429,686469,191.093,100.00,293
1430,686724,190.603,100.00,255
1431,687151,186.963,100.00,427
1432,687521,192.003,100.00,370
1433,687853,192.563,100.00,332
1434,688109,188.433,100.00,256
1435,688369,195.503,100.00,260
1436,688589,187.803,100.00,220
1437,688862,191.443,100.00,273
1438,689120,195.643,100.00,258
1439,689438,184.093,100.00,318
1440,689700,178.563,100.00,262
1441,690019,190.323,100.00,319
1442,690611,177.513,100.00,592
1443,691263,101.357,86.50,652
1444,691617,192.073,100.00,354
1445,692213,77.971,77.18,596
1446,692510,185.563,100.00,297
1447,692769,198.723,100.00,259
1448,693076,186.963,100.00,307
1449,693360,188.573,100.00,284
1450,693670,196.203,100.00,310
1451,693952,190.813,100.00,282
1452,694257,190.253,100.00,305
1453,694585,187.593,100.00,328
1454,694836,186.683,100.00,251
1455,695398,160.714,100.00,562
1456,695653,191.653,100.00,255
1457,696096,173.243,100.00,443
1458,696482,181.433,100.00,386
1459,696774,193.263,100.00,292
1460,697374,103.938,93.33,600
1461,697887,173.594,100.00,513
1462,698290,190.743,100.00,403
1463,698602,195.013,100.00,312
1464,698943,188.783,100.00,341
1465,699227,188.573,100.00,284
1466,699839,115.663,99.35,612
1467,700212,180.243,100.00,373
1468,700672,182.553,100.00,460
1469,700921,193.123,100.00,249
1470,701214,187.943,100.00,293
1471,701481,185.563,100.00,267
1472,701795,184.373,100.00,314
1473,702055,188.153,100.00,260
1474,702411,182.483,100.00,356
1475,702703,191.163,100.00,292
1476,702985,191.863,100.00,282
1477,703523,168.694,100.00,538
1478,703919,183.883,100.00,396
1479,704192,175.693,100.00,273
1480,704659,174.714,100.00,467
1481,704932,198.793,100.00,273
1482,705395,168.694,100.00,463
1483,706011,107.024,93.51,616
1484,706492,173.734,100.00,481
1485,706809,191.513,100.00,317
1486,707057,182.693,100.00,248
1487,707312,196.903,100.00,255
1488,707610,190.743,100.00,298
1489,707886,190.183,100.00,276
1490,708170,198.023,100.00,284
1491,708517,187.313,100.00,347
1492,708892,180.103,100.00,375
1493,709266,188.573,100.00,374
1494,709530,186.823,100.00,264
1495,709875,174.853,100.00,345
1496,710219,190.673,100.00,344
1497,710551,188.363,100.00,332
1498,710939,192.843,100.00,388
1499,711233,193.123,100.00,294
1500,711597,174.574,100.00,364
1501,711833,183.533,100.00,236
1502,712119,188.433,100.00,286
1503,712405,188.433,100.00,286
1504,712687,195.013,100.00,282
1505,713210,160.294,100.00,523
1506,713457,184.863,100.00,247
1507,713690,188.993,100.00,233
1508,714051,194.733,100.00,361
1509,714349,185.493,100.00,298
1510,714618,198.023,100.00,269
1511,714887,190.673,100.00,269
1512,715278,187.383,100.00,391
1513,715529,200.333,100.00,251
1514,715812,191.793,100.00,283
1515,716173,172.684,100.00,361
1516,716486,188.643,100.00,313
1517,716870,191.023,100.00,384
1518,717161,193.333,100.00,291
1519,717769,114.890,99.34,608
1520,718054,186.403,100.00,285
1521,718292,194.943,100.00,238
1522,718623,192.633,100.00,331
1523,718936,189.693,100.00,313
1524,719532,111.552,98.66,596
1525,719809,185.913,100.00,277
1526,720309,175.553,100.00,500
1527,720609,182.203,100.00,300
1528,720991,185.913,100.00,382
1529,721489,167.294,100.00,498
1530,721940,175.834,100.00,451
1531,722201,194.383,100.00,261
1532,722805,101.561,91.39,604
1533,723072,196.063,100.00,267
1534,723382,208.803,100.00,310
1535,723597,182.903,100.00,215
1536,723871,185.073,100.00,274
1537,724144,194.593,100.00,273
1538,724409,199.353,100.00,265
1539,724642,191.093,100.00,233
1540,725126,176.673,100.00,484
1541,725374,195.293,100.00,248
1542,725699,183.603,100.00,325
1543,726152,172.544,100.00,453
1544,726574,183.113,100.00,422
1545,726871,205.513,100.00,297
1546,727511,117.950,97.50,640
1547,727946,181.154,100.00,435
1548,728441,170.654,100.00,495
1549,728746,182.903,100.00,305
1550,729045,187.523,100.00,299
1551,729536,174.083,100.00,491
1552,729900,173.523,100.00,364
1553,730167,193.963,100.00,267
1554,730616,185.423,100.00,449
1555,730938,190.113,100.00,322
1556,731229,199.633,100.00,291
1557,731606,185.213,100.00,377
1558,731898,188.013,100.00,292
1559,732135,186.613,100.00,237
1560,732490,176.253,100.00,355
1561,732723,185.843,100.00,233
1562,733173,174.854,100.00,450
1563,733753,94.832,89.66,580
1564,734081,194.943,100.00,328
1565,734451,196.203,100.00,370
1566,734758,193.263,100.00,307
1567,735003,187.103,100.00,245
1568,735296,183.743,100.00,293
1569,735582,193.683,100.00,286
1570,735839,196.763,100.00,257
1571,736187,191.443,100.00,348
1572,736536,185.073,100.00,349
1573,736800,184.723,100.00,264
1574,737075,199.703,100.00,275
1575,737707,106.945,91.77,632
1576,738303,111.574,98.66,596
1577,738638,189.203,100.00,335
1578,739043,184.303,100.00,405
1579,739393,185.003,100.00,350
1580,739633,193.753,100.00,240
1581,740241,101.278,90.79,608
1582,740499,194.593,100.00,258
1583,740748,186.823,100.00,249
1584,741330,167.714,100.00,582
1585,741553,185.493,100.00,223
1586,741849,185.633,100.00,296
1587,742473,79.161,75.64,624
1588,742746,193.543,100.00,273
1589,742996,195.153,100.00,250
1590,743300,190.323,100.00,304
1591,743566,181.433,100.00,266
1592,743985,186.473,100.00,419
1593,744276,187.033,100.00,291
1594,744549,192.493,100.00,273
1595,744865,187.383,100.00,316
1596,745184,173.523,100.00,319
1597,745769,173.804,100.00,585
1598,746421,123.391,99.39,652
1599,746646,191.653,100.00,225
1600,746950,191.373,100.00,304
1601,747268,186.193,100.00,318
1602,747904,120.324,99.37,636
1603,748331,183.813,100.00,427
1604,748971,121.060,99.38,640
1605,749211,185.353,100.00,240
1606,749711,167.154,100.00,500
1607,750335,115.883,98.08,624
1608,750915,108.482,98.62,580
1609,751358,186.893,100.00,443
1610,751970,108.342,94.77,612
1611,752213,179.893,100.00,243
1612,752497,180.173,100.00,284
1613,752858,180.033,100.00,361
1614,753502,115.542,95.65,644
1615,753867,183.953,100.00,365
1616,754264,173.314,100.00,397
1617,754721,180.664,100.00,457
1618,755262,185.283,100.00,541
1619,755724,185.563,100.00,462
1620,756282,169.394,100.00,558
1621,756851,168.624,100.00,569
1622,757519,125.425,98.80,668
1623,757821,192.563,100.00,302
1624,758433,105.198,92.81,612
1625,759069,119.261,98.74,636
1626,759685,65.024,67.53,616
1627,760309,114.849,97.44,624
1628,760877,100.912,95.07,568
1629,761505,89.378,81.53,628
1630,761789,180.173,100.00,284
1631,762066,195.363,100.00,277
1632,762347,188.783,100.00,281
1633,762951,106.811,94.70,604
1634,763389,179.893,100.00,438
1635,763782,181.993,100.00,393
1636,764090,188.993,100.00,308
1637,764453,184.093,100.00,363
1638,764771,201.943,100.00,318
1639,765093,183.813,100.00,322
1640,765375,189.763,100.00,282
1641,765743,184.793,100.00,368
1642,765978,192.003,100.00,235
1643,766356,168.343,100.00,378
1644,766703,197.813,100.00,347
1645,767098,192.353,100.00,395
1646,767446,190.393,100.00,348
1647,767881,190.603,100.00,435
1648,768149,188.643,100.00,268
1649,768408,186.123,100.00,259
1650,768754,185.283,100.00,346
1651,769095,195.083,100.00,341
1652,769460,182.903,100.00,365
1653,769755,185.703,100.00,295
1654,770037,189.763,100.00,282
1655,770314,179.613,100.00,277
1656,770582,191.793,100.00,268
1657,770898,184.233,100.00,316
1658,771230,181.013,100.00,332
1659,771560,192.703,100.00,330
1660,771830,185.353,100.00,270
1661,772170,194.103,100.00,340
1662,772451,174.083,100.00,281
1663,772708,177.863,100.00,257
1664,773089,175.483,100.00,381
1665,773415,195.083,100.00,326
1666,773840,182.903,100.00,425
1667,774156,173.733,100.00,316
1668,774571,183.603,100.00,415
1669,775227,116.827,95.12,656
1670,775546,194.523,100.00,319
1671,775942,172.333,100.00,396
1672,776258,189.483,100.00,316
1673,776671,178.494,100.00,413
1674,776974,183.043,100.00,303
1675,777370,183.883,100.00,396
1676,777656,191.583,100.00,286
1677,777958,187.313,100.00,302
1678,778245,182.063,100.00,287
1679,778519,181.923,100.00,274
1680,778794,181.853,100.00,275
1681,779060,184.583,100.00,266
1682,779444,188.923,100.00,384
1683,779724,184.653,100.00,280
1684,780000,181.783,100.00,276
1685,780438,190.393,100.00,438
1686,780849,188.083,100.00,411
1687,781482,176.744,100.00,633
1688,781798,186.333,100.00,316
1689,782173,183.253,100.00,375
1690,782427,195.923,100.00,254
1691,782699,202.013,100.00,272
1692,783024,196.203,100.00,325
1693,783318,194.173,100.00,294
1694,783755,170.513,100.00,437
1695,784110,169.953,100.00,355
1696,784386,187.033,100.00,276
1697,784652,182.483,100.00,266
1698,784985,192.493,100.00,333
1699,785601,115.424,98.70,616
1700,785920,192.423,100.00,319
1701,786524,113.120,98.68,604
1702,786830,190.183,100.00,306
1703,787076,191.233,100.00,246
1704,787397,184.933,100.00,321
1705,787671,185.073,100.00,274
1706,787901,194.453,100.00,230
1707,788184,191.793,100.00,283
1708,788585,186.683,100.00,401
1709,789053,177.794,100.00,468
1710,789709,122.062,98.17,656
1711,790056,179.963,100.00,347
1712,790314,196.693,100.00,258
1713,790731,180.313,100.00,417
1714,790998,189.763,100.00,267
1715,791276,199.493,100.00,278
1716,791880,105.761,94.04,604
1717,792217,192.213,100.00,337
1718,792793,106.665,97.92,576
1719,793067,186.123,100.00,274
1720,793430,169.393,100.00,363
1721,793735,194.453,100.00,305
1722,793995,191.303,100.00,260
1723,794324,189.623,100.00,329
1724,794720,181.783,100.00,396
1725,795120,185.703,100.00,400
1726,795457,184.863,100.00,337
1727,795826,181.573,100.00,369
1728,796146,195.503,100.00,320
1729,796480,186.123,100.00,334
1730,797128,119.459,97.53,648
1731,797752,101.214,89.10,624
1732,798364,115.688,99.35,612
1733,798642,198.443,100.00,278
1734,799003,190.533,100.00,361
1735,799257,184.373,100.00,254
1736,799873,114.359,98.05,616
1737,800187,191.723,100.00,314
1738,800517,189.553,100.00,330
1739,800830,186.543,100.00,313
1740,801191,183.183,100.00,361
1741,801432,187.383,100.00,241
1742,801771,181.573,100.00,339
1743,802045,179.823,100.00,274
1744,802276,191.233,100.00,231
1745,802679,184.443,100.00,403
1746,803059,187.103,100.00,380
1747,803629,165.404,100.00,570
1748,803990,187.383,100.00,361
1749,804288,187.593,100.00,298
1750,804640,190.113,100.00,352
1751,804916,180.733,100.00,276
1752,805364,180.243,100.00,448
1753,805661,184.513,100.00,297
1754,805997,187.033,100.00,336
1755,806258,185.983,100.00,261
1756,806601,190.743,100.00,343
1757,807095,171.773,100.00,494
1758,807398,189.343,100.00,303
1759,807778,180.803,100.00,380
1760,808065,193.613,100.00,287
1761,808340,181.853,100.00,275
1762,808705,177.654,100.00,365
1763,809032,188.713,100.00,327
1764,809269,192.913,100.00,237
1765,809521,186.613,100.00,252
1766,809954,189.693,100.00,433
1767,810257,191.443,100.00,303
1768,810487,179.753,100.00,230
1769,810775,195.643,100.00,288
1770,811143,184.793,100.00,368
1771,811428,197.953,100.00,285
1772,811708,192.003,100.00,280
1773,812002,196.273,100.00,294
1774,812297,186.753,100.00,295
1775,812893,100.018,91.28,596
1776,813473,97.991,91.72,580
1777,813755,197.113,100.00,282
1778,814027,197.813,100.00,272
1779,814615,73.290,74.83,588
1780,815007,178.913,100.00,392
1781,815303,197.183,100.00,296
1782,815657,193.123,100.00,354
1783,816007,191.303,100.00,350
1784,816319,186.613,100.00,312
1785,816635,181.083,100.00,316
1786,816854,185.773,100.00,219
1787,817148,180.523,100.00,294
1788,817600,178.913,100.00,452
1789,817827,193.613,100.00,227
1790,818087,188.153,100.00,260
1791,818715,84.128,78.34,628
1792,819014,198.023,100.00,299
1793,819322,188.993,100.00,308
1794,819605,187.593,100.00,283
1795,819947,185.563,100.00,342
1796,820198,186.683,100.00,251
1797,820469,192.633,100.00,271
1798,820798,186.473,100.00,329
1799,821206,179.893,100.00,408
1800,821561,194.103,100.00,355
1801,821920,193.823,100.00,359
1802,822229,197.323,100.00,309
1803,822502,199.843,100.00,273
1804,822825,190.043,100.00,323
1805,823116,195.433,100.00,291
1806,823421,182.903,100.00,305
1807,823690,184.373,100.00,269
1808,824071,183.883,100.00,381
1809,824316,195.503,100.00,245
1810,824692,192.633,100.00,376
1811,825038,189.483,100.00,346
1812,825344,188.083,100.00,306
1813,825613,184.373,100.00,269
1814,825877,193.123,100.00,264
1815,826128,186.683,100.00,251
1816,826412,193.823,100.00,284
1817,826723,197.183,100.00,311
1818,827093,192.003,100.00,370
1819,827396,192.493,100.00,303
1820,827671,187.103,100.00,275
1821,827967,187.733,100.00,296
1822,828355,191.793,100.00,388
1823,828681,199.283,100.00,326
1824,828976,193.053,100.00,295
1825,829255,180.523,100.00,279
1826,829526,187.383,100.00,271
1827,829771,187.103,100.00,245
1828,830177,181.083,100.00,406
1829,830466,189.273,100.00,289
1830,831074,48.784,57.89,608
1831,831469,181.853,100.00,395
1832,831783,191.723,100.00,314
1833,832123,196.203,100.00,340
1834,832435,191.863,100.00,312
1835,832979,167.224,100.00,544
1836,833399,190.603,100.00,420
1837,833687,196.693,100.00,288
1838,833983,190.883,100.00,296
1839,834270,187.313,100.00,287
1840,834538,190.743,100.00,268
1841,834879,197.183,100.00,341
1842,835499,109.872,94.84,620
1843,835895,183.883,100.00,396
1844,836179,195.923,100.00,284
1845,836489,200.403,100.00,310
1846,836752,195.293,100.00,263
1847,837002,194.103,100.00,250
1848,837230,183.043,100.00,228
1849,837521,189.133,100.00,291
1850,837781,198.653,100.00,260
1851,838401,-19.259,15.48,620
1852,838684,198.093,100.00,283
1853,838975,185.983,100.00,291
1854,839224,193.123,100.00,249
1855,839517,192.143,100.00,293
1856,839909,187.313,100.00,392
1857,840233,184.723,100.00,324
1858,840553,197.603,100.00,320
1859,840925,186.613,100.00,372
1860,841189,197.323,100.00,264
1861,841472,195.993,100.00,283
1862,841868,189.133,100.00,396
1863,842207,191.023,100.00,339
1864,842527,192.353,100.00,320
1865,843064,168.764,100.00,537
1866,843501,178.914,100.00,437
1867,843814,186.543,100.00,313
1868,844033,188.923,100.00,219
1869,844275,192.563,100.00,242
1870,844818,163.094,100.00,543
1871,845245,192.213,100.00,427
1872,845479,187.873,100.00,234
1873,845756,188.013,100.00,277
1874,846364,111.765,97.37,608
1875,846642,191.093,100.00,278
1876,846880,192.843,100.00,238
1877,847133,192.843,100.00,253
1878,847517,193.123,100.00,384
1879,847795,195.293,100.00,278
1880,848213,179.193,100.00,418
1881,848435,172.963,100.00,222
1882,848788,183.743,100.00,353
1883,849131,188.643,100.00,343
1884,849416,192.703,100.00,285
1885,849667,195.083,100.00,251
1886,849943,187.033,100.00,276
1887,850201,180.943,100.00,258
1888,850462,188.083,100.00,261
1889,850816,195.223,100.00,354
1890,851068,187.663,100.00,252
1891,851363,182.553,100.00,295
1892,851733,186.753,100.00,370
1893,851953,190.953,100.00,220
1894,852223,193.753,100.00,270
1895,852515,184.863,100.00,292
1896,852822,194.313,100.00,307
1897,853291,179.823,100.00,469
1898,853609,198.793,100.00,318
1899,853874,190.953,100.00,265
1900,854190,176.883,100.00,316
1901,854818,115.634,97.45,628
1902,855394,97.224,91.67,576
1903,855646,186.613,100.00,252
1904,856005,179.124,100.00,359
1905,856355,187.103,100.00,350
1906,856598,196.693,100.00,243
1907,856855,183.113,100.00,257
1908,857439,110.292,99.32,584
1909,857832,180.943,100.00,393
1910,858098,192.983,100.00,266
1911,858493,185.003,100.00,395
1912,858768,187.103,100.00,275
1913,859024,196.833,100.00,256
1914,859379,184.653,100.00,355
1915,859585,187.733,100.00,206
1916,859834,197.323,100.00,249
1917,860147,186.543,100.00,313
1918,860413,185.633,100.00,266
1919,860725,196.063,100.00,312
1920,861060,183.953,100.00,335
1921,861395,194.453,100.00,335
1922,861704,192.073,100.00,309
1923,861973,184.373,100.00,269
1924,862242,191.723,100.00,269
1925,862526,189.623,100.00,284
1926,863114,169.393,100.00,588
1927,863393,192.073,100.00,279
1928,863713,188.153,100.00,320
1929,864095,195.363,100.00,382
1930,864331,186.683,100.00,236
1931,864627,191.933,100.00,296
1932,864927,187.453,100.00,300
1933,865136,177.023,100.00,209
1934,865417,185.633,100.00,281
1935,865786,173.174,100.00,369
1936,866310,167.574,100.00,524
1937,866618,186.893,100.00,308
1938,866914,197.183,100.00,296
1939,867182,193.893,100.00,268
1940,867523,190.883,100.00,341
1941,867950,184.863,100.00,427
1942,868261,199.283,100.00,311
1943,868548,188.363,100.00,287
1944,868823,194.453,100.00,275
1945,869079,199.983,100.00,256
1946,869723,119.764,98.14,644
1947,869961,185.493,100.00,238
1948,870206,200.753,100.00,245
1949,870618,172.264,100.00,412
1950,871206,104.787,95.24,588
1951,871523,195.713,100.00,317
1952,871841,195.643,100.00,318
1953,872092,184.583,100.00,251
1954,872336,193.473,100.00,244
1955,872581,180.803,100.00,245
1956,872934,191.093,100.00,353
1957,873180,188.083,100.00,246
1958,873511,196.833,100.00,331
1959,873806,188.853,100.00,295
1960,874120,191.723,100.00,314
1961,874491,182.483,100.00,371
1962,874715,189.623,100.00,224
1963,875049,185.073,100.00,334
1964,875345,192.983,100.00,296
1965,875619,184.023,100.00,274
1966,875953,187.173,100.00,334
1967,876288,189.203,100.00,335
1968,876483,186.403,100.00,195
1969,876993,183.253,100.00,510
1970,877483,181.503,100.00,490
1971,877842,188.573,100.00,359
1972,878158,183.183,100.00,316
1973,878485,185.563,100.00,327
1974,878843,184.443,100.00,358
1975,879150,196.413,100.00,307
1976,879457,182.763,100.00,307
1977,879756,194.873,100.00,299
1978,880048,180.663,100.00,292
1979,880329,184.583,100.00,281
1980,880640,196.133,100.00,311
1981,880897,194.663,100.00,257
1982,881501,103.652,92.72,604
1983,881861,188.503,100.00,360
1984,882493,115.338,96.84,632
1985,882774,195.083,100.00,281
1986,883094,189.203,100.00,320
1987,883453,178.074,100.00,359
1988,883706,201.243,100.00,253
1989,883999,194.243,100.00,293
1990,884342,185.493,100.00,343
1991,884643,191.583,100.00,301
1992,884915,176.814,100.00,272
1993,885280,191.303,100.00,365
1994,885562,193.963,100.00,282
1995,885863,193.683,100.00,301
1996,886217,188.923,100.00,354
1997,886541,172.123,100.00,324
1998,887161,110.950,95.48,620
1999,887510,188.223,100.00,349
2000,887935,172.404,100.00,425
2001,888462,165.264,100.00,527
2002,888787,185.703,100.00,325
2003,889021,195.223,100.00,234
2004,889311,193.403,100.00,290
2005,889580,183.323,100.00,269
2006,889881,187.383,100.00,301
2007,890200,186.123,100.00,319
2008,890467,192.913,100.00,267
2009,890687,196.203,100.00,220
2010,890915,190.393,100.00,228
2011,891208,196.343,100.00,293
2012,891509,187.383,100.00,301
2013,891781,196.763,100.00,272
2014,892421,120.047,98.75,640
2015,892731,175.203,100.00,310
2016,893034,184.093,100.00,303
2017,893332,174.993,100.00,298
2018,893583,188.783,100.00,251
2019,894187,40.658,52.98,604
2020,894592,180.103,100.00,405
2021,894843,175.133,100.00,251
2022,895108,185.703,100.00,265
2023,895423,189.553,100.00,315
2024,895777,187.873,100.00,354
2025,896054,194.313,100.00,277
2026,896350,190.883,100.00,296
2027,896657,193.263,100.00,307
2028,896993,178.634,100.00,336
2029,897358,176.604,100.00,365
2030,897641,185.493,100.00,283
2031,898219,176.393,100.00,578
2032,898855,39.471,50.94,636
2033,899182,190.813,100.00,327
2034,899452,193.753,100.00,270
2035,899714,191.163,100.00,262
2036,899973,201.873,100.00,259
2037,900230,198.863,100.00,257
2038,900533,181.993,100.00,303
2039,900994,179.333,100.00,461
2040,901350,178.284,100.00,356
2041,901691,194.033,100.00,341
2042,902064,186.543,100.00,373
2043,902622,162.043,100.00,558
2044,902904,191.863,100.00,282
2045,903138,185.773,100.00,234
2046,903361,180.243,100.00,223
2047,903759,181.643,100.00,398
2048,904024,192.003,100.00,265
2049,904300,197.533,100.00,276
2050,904560,201.803,100.00,260
2051,904886,188.783,100.00,326
2052,905202,172.683,100.00,316
2053,905508,190.183,100.00,306
2054,905746,194.943,100.00,238
2055,905976,185.003,100.00,230
2056,906289,192.843,100.00,313
2057,906609,187.103,100.00,320
2058,906916,192.213,100.00,307
2059,907284,179.543,100.00,368
2060,907562,196.343,100.00,278
2061,907786,188.573,100.00,224
2062,908052,197.183,100.00,266
2063,908257,178.353,100.00,205
2064,908521,195.223,100.00,264
2065,908791,190.603,100.00,270
2066,909144,184.793,100.00,353
2067,909452,182.693,100.00,308
2068,909717,192.003,100.00,265
2069,910317,107.088,95.33,600
2070,910624,199.563,100.00,307
2071,911112,161.694,100.00,488
2072,911362,186.753,100.00,250
2073,911660,193.893,100.00,298
2074,912009,177.723,100.00,349
2075,912288,191.023,100.00,279
2076,912735,174.013,100.00,447
2077,912998,191.093,100.00,263
2078,913246,194.243,100.00,248
2079,913571,200.403,100.00,325
2080,913823,197.113,100.00,252
2081,914071,183.743,100.00,248
2082,914703,119.560,99.37,632
2083,914931,200.893,100.00,228
2084,915269,181.643,100.00,338
2085,915772,170.093,100.00,503
2086,916086,187.523,100.00,314
2087,916311,185.353,100.00,225
2088,916660,178.773,100.00,349
2089,916944,196.973,100.00,284
2090,917295,194.383,100.00,351
2091,917666,196.133,100.00,371
2092,917951,197.953,100.00,285
2093,918258,177.513,100.00,307
2094,918562,194.523,100.00,304
2095,918846,192.773,100.00,284
2096,919117,183.183,100.00,271
2097,919469,189.063,100.00,352
2098,919789,192.353,100.00,320
2099,920075,189.483,100.00,286
2100,920424,186.123,100.00,349
2101,920767,191.793,100.00,343
2102,921081,188.573,100.00,314
2103,921340,182.973,100.00,259
2104,921682,190.813,100.00,342
2105,922138,176.534,100.00,456
2106,922442,178.773,100.00,304
2107,922773,189.483,100.00,331
2108,923040,199.213,100.00,267
2109,923364,203.623,100.00,324
2110,923727,185.143,100.00,363
2111,924074,196.763,100.00,347
2112,924408,187.173,100.00,334
2113,925008,99.738,90.67,600
2114,925267,201.873,100.00,259
2115,925605,186.893,100.00,338
2116,925865,183.953,100.00,260
2117,926130,194.103,100.00,265
2118,926453,186.893,100.00,323
2119,926725,196.763,100.00,272
2120,927027,188.363,100.00,302
2121,927321,185.773,100.00,294
2122,927600,193.123,100.00,279
2123,928192,88.751,84.46,592
2124,928523,188.433,100.00,331
2125,928899,184.233,100.00,376
2126,929121,189.763,100.00,222
2127,929435,196.973,100.00,314
2128,929656,181.433,100.00,221
2129,929875,198.373,100.00,219
2130,930127,192.913,100.00,252
2131,930404,179.613,100.00,277
2132,930633,187.173,100.00,229
2133,930862,191.373,100.00,229
2134,931114,187.663,100.00,252
2135,931372,190.393,100.00,258
2136,931641,188.573,100.00,269
2137,931957,189.483,100.00,316
2138,932180,186.543,100.00,223
2139,932478,193.893,100.00,298
2140,932770,196.413,100.00,292
2141,933004,201.523,100.00,234
2142,933333,190.673,100.00,329
2143,933635,192.563,100.00,302
2144,933917,170.863,100.00,282
2145,934180,188.993,100.00,263
2146,934504,198.373,100.00,324
2147,934897,180.943,100.00,393
2148,935374,179.264,100.00,477
2149,935958,169.673,100.00,584
2150,936264,183.883,100.00,306
2151,936600,180.733,100.00,336
2152,936927,200.263,100.00,327
2153,937206,182.623,100.00,279
2154,937591,176.253,100.00,385
2155,937957,184.933,100.00,366
2156,938287,190.603,100.00,330
2157,938552,199.353,100.00,265
2158,938982,189.903,100.00,430
2159,939192,185.353,100.00,210
2160,939461,191.723,100.00,269
2161,939760,185.423,100.00,299
2162,940059,193.823,100.00,299
2163,940295,184.583,100.00,236
2164,940616,192.283,100.00,321
2165,940919,194.593,100.00,303
2166,941519,97.647,89.33,600
2167,941853,190.323,100.00,334
2168,942097,195.573,100.00,244
2169,942428,195.783,100.00,331
2170,942787,186.473,100.00,359
2171,943067,197.253,100.00,280
2172,943392,186.753,100.00,325
2173,943980,84.818,82.31,588
2174,944239,184.023,100.00,259
2175,944632,194.593,100.00,393
2176,944998,177.583,100.00,366
2177,945358,191.653,100.00,360
2178,945926,97.781,92.96,568
2179,946298,182.413,100.00,372
2180,946634,199.633,100.00,336
2181,946902,194.943,100.00,268
2182,947211,191.023,100.00,309
2183,947505,195.223,100.00,294
2184,947757,191.863,100.00,252
2185,948059,181.013,100.00,302
2186,948570,169.534,100.00,511
2187,948833,184.793,100.00,263
2188,949073,189.553,100.00,240
2189,949492,172.823,100.00,419
2190,949802,180.453,100.00,310
2191,950038,194.033,100.00,236
2192,950398,194.803,100.00,360
2193,950901,191.093,100.00,503
2194,951185,181.223,100.00,284
2195,951656,182.833,100.00,471
2196,951967,192.983,100.00,311
2197,952225,190.393,100.00,258
2198,952481,186.333,100.00,256
2199,952731,182.553,100.00,250
2200,953028,189.763,100.00,297
2201,953380,180.663,100.00,352
2202,953637,205.163,100.00,257
2203,953936,190.673,100.00,299
2204,954197,194.383,100.00,261
2205,954472,193.403,100.00,275
2206,954787,178.003,100.00,315
2207,955079,191.163,100.00,292
2208,955384,196.553,100.00,305
2209,955722,195.293,100.00,338
2210,956079,172.963,100.00,357
2211,956452,178.144,100.00,373
2212,956799,182.063,100.00,347
2213,957147,191.443,100.00,348
2214,957429,176.113,100.00,282
2215,957668,189.623,100.00,239
2216,958090,176.814,100.00,422
2217,958328,200.193,100.00,238
2218,958542,172.473,100.00,214
2219,958809,195.013,100.00,267
2220,959094,186.403,100.00,285
2221,959567,181.643,100.00,473
2222,959883,186.333,100.00,316
2223,960518,176.603,100.00,635
2224,960740,191.863,100.00,222
2225,961019,189.973,100.00,279
2226,961314,189.903,100.00,295
2227,961583,204.323,100.00,269
2228,961871,201.943,100.00,288
2229,962278,179.963,100.00,407
2230,962650,188.713,100.00,372
2231,962980,196.903,100.00,330
2232,963328,195.643,100.00,348
2233,963585,202.013,100.00,257
2234,963872,189.413,100.00,287
2235,964107,187.803,100.00,235
2236,964383,185.983,100.00,276
2237,964650,180.313,100.00,267
2238,964932,196.063,100.00,282
2239,965189,190.463,100.00,257
2240,965427,186.543,100.00,238
2241,965667,190.603,100.00,240
2242,966276,170.024,100.00,609
2243,966512,182.483,100.00,236
2244,966802,194.453,100.00,290
2245,967086,189.623,100.00,284
2246,967339,184.443,100.00,253
2247,967715,181.083,100.00,376
2248,967954,187.523,100.00,239
2249,968322,191.093,100.00,368
2250,968592,188.503,100.00,270
2251,968859,189.763,100.00,267
2252,969169,202.503,100.00,310
2253,969403,201.523,100.00,234
2254,970007,114.148,99.34,604
2255,970340,179.893,100.00,333
2256,970597,195.713,100.00,257
2257,971004,183.113,100.00,407
2258,971259,194.803,100.00,255
2259,971581,189.063,100.00,322
2260,971867,189.483,100.00,286
2261,972112,175.553,100.00,245
2262,972420,199.493,100.00,308
2263,972747,186.613,100.00,327
2264,973114,179.613,100.00,367
2265,973730,116.459,99.35,616
2266,974004,190.323,100.00,274
2267,974297,187.943,100.00,293
2268,974731,177.024,100.00,434
2269,974977,190.183,100.00,246
2270,975221,179.823,100.00,244
2271,975546,199.353,100.00,325
2272,976174,112.481,95.54,628
2273,976762,107.918,97.28,588
2274,977084,189.063,100.00,322
2275,977315,193.333,100.00,231
2276,977615,182.203,100.00,300
2277,978064,168.624,100.00,449
2278,978304,193.753,100.00,240
2279,978507,195.293,100.00,203
2280,978774,184.513,100.00,267
2281,979398,88.611,81.41,624
2282,979677,196.273,100.00,279
2283,980025,188.293,100.00,348
2284,980476,186.333,100.00,451
2285,980708,188.013,100.00,232
2286,981033,186.753,100.00,325
2287,981353,193.403,100.00,320
2288,981666,193.893,100.00,313
2289,981910,186.123,100.00,244
2290,982187,175.413,100.00,277
2291,982642,171.353,100.00,455
2292,983062,170.654,100.00,420
2293,983352,201.803,100.00,290
2294,983689,189.063,100.00,337
2295,984150,173.033,100.00,461
2296,984424,189.273,100.00,274
2297,984707,174.993,100.00,283
2298,984915,188.643,100.00,208
2299,985166,192.983,100.00,251
2300,985445,181.573,100.00,279
2301,985683,188.643,100.00,238
2302,985974,193.333,100.00,291
2303,986217,185.143,100.00,243
2304,986598,189.133,100.00,381
2305,986849,201.383,100.00,251
2306,987203,183.673,100.00,354
2307,987438,192.003,100.00,235
2308,987812,174.923,100.00,374
2309,988436,113.801,96.79,624
2310,989092,64.321,64.63,656
2311,989399,189.063,100.00,307
2312,990039,26.594,43.12,640
2313,990631,110.794,98.65,592
2314,991259,5.390,30.57,628
2315,991563,189.273,100.00,304
2316,991885,194.313,100.00,322
2317,992123,191.793,100.00,238
2318,992414,197.533,100.00,291
2319,992660,198.583,100.00,246
2320,992907,196.413,100.00,247
2321,993343,176.883,100.00,436
2322,993639,191.933,100.00,296
2323,993905,192.983,100.00,266
2324,994205,186.403,100.00,300
2325,994438,184.793,100.00,233
2326,994817,185.073,100.00,379
2327,995127,192.003,100.00,310
2328,995366,199.073,100.00,239
2329,995706,196.203,100.00,340
2330,996014,191.093,100.00,308
2331,996296,201.313,100.00,282
2332,996630,185.073,100.00,334
2333,997258,117.740,98.73,628
2334,997516,186.193,100.00,258
2335,997792,199.633,100.00,276
2336,998427,172.403,100.00,635
2337,998690,185.843,100.00,263
2338,999009,192.423,100.00,319
2339,999288,200.473,100.00,279
2340,999625,181.713,100.00,337
2341,1000237,50.595,58.82,612
2342,1000571,190.323,100.00,334
2343,1000795,182.273,100.00,224
2344,1001021,197.883,100.00,226
2345,1001292,193.683,100.00,271
