episode,reward,coverage_pct,epsilon,q_states
1,179.650,100.00,0.99900,5
2,183.500,100.00,0.99800,10
3,178.200,100.00,0.99700,15
4,194.000,100.00,0.99600,19
5,198.650,100.00,0.99500,23
6,182.550,100.00,0.99400,27
7,169.400,100.00,0.99300,30
8,182.750,100.00,0.99200,34
9,184.800,100.00,0.99100,38
10,187.700,100.00,0.99000,39
11,195.000,100.00,0.98900,43
12,182.750,100.00,0.98800,48
13,172.850,100.00,0.98700,52
14,174.550,100.00,0.98600,55
15,188.100,100.00,0.98500,60
16,179.050,100.00,0.98400,64
17,176.750,100.00,0.98300,68
18,196.650,100.00,0.98200,73
19,180.700,100.00,0.98100,75
20,187.850,100.00,0.98000,79
21,174.950,100.00,0.97900,83
22,179.550,100.00,0.97800,85
23,182.450,100.00,0.97700,86
24,191.850,100.00,0.97600,88
25,189.350,100.00,0.97500,92
26,165.400,100.00,0.97400,95
27,196.250,100.00,0.97300,97
28,181.300,100.00,0.97200,100
29,179.100,100.00,0.97100,103
30,176.700,100.00,0.97000,106
31,188.600,100.00,0.96900,109
32,173.050,100.00,0.96800,112
33,180.400,100.00,0.96700,114
34,176.200,100.00,0.96600,117
35,184.500,100.00,0.96500,120
36,182.850,100.00,0.96400,121
37,181.700,100.00,0.96300,125
38,178.650,100.00,0.96200,129
39,180.750,100.00,0.96100,131
40,184.450,100.00,0.96000,134
41,178.850,100.00,0.95900,137
42,184.550,100.00,0.95800,139
43,184.200,100.00,0.95700,141
44,176.900,100.00,0.95600,141
45,171.450,100.00,0.95500,143
46,180.750,100.00,0.95400,145
47,171.000,100.00,0.95300,147
48,185.650,100.00,0.95200,149
49,190.000,100.00,0.95100,150
50,193.050,100.00,0.95000,151
51,182.650,100.00,0.94900,152
52,182.350,100.00,0.94800,156
53,180.750,100.00,0.94700,156
54,170.600,100.00,0.94600,157
55,181.200,100.00,0.94500,161
56,168.500,100.00,0.94400,162
57,180.850,100.00,0.94300,162
58,182.150,100.00,0.94200,165
59,186.800,100.00,0.94100,167
60,173.450,100.00,0.94000,168
61,178.350,100.00,0.93900,169
62,187.150,100.00,0.93800,173
63,178.400,100.00,0.93700,175
64,181.850,100.00,0.93600,176
65,183.850,100.00,0.93500,179
66,184.050,100.00,0.93400,180
67,178.650,100.00,0.93300,181
68,182.450,100.00,0.93200,184
69,186.700,100.00,0.93100,186
70,180.650,100.00,0.93000,189
71,175.200,100.00,0.92900,190
72,186.000,100.00,0.92800,192
73,191.550,100.00,0.92700,195
74,180.850,100.00,0.92600,197
75,191.800,100.00,0.92500,198
76,176.950,100.00,0.92400,198
77,181.750,100.00,0.92300,198
78,174.150,100.00,0.92200,199
79,166.050,100.00,0.92100,199
80,182.900,100.00,0.92000,199
81,188.550,100.00,0.91900,199
82,178.950,100.00,0.91800,200
83,175.700,100.00,0.91700,201
84,183.300,100.00,0.91600,202
85,185.250,100.00,0.91500,203
86,191.800,100.00,0.91400,205
87,172.300,100.00,0.91300,207
88,189.100,100.00,0.91200,207
89,174.150,100.00,0.91100,207
90,180.500,100.00,0.91000,207
91,192.150,100.00,0.90900,208
92,196.700,100.00,0.90800,210
93,179.800,100.00,0.90700,210
94,171.550,100.00,0.90600,211
95,180.200,100.00,0.90500,211
96,179.750,100.00,0.90400,211
97,180.300,100.00,0.90300,215
98,186.800,100.00,0.90200,219
99,174.100,100.00,0.90100,219
100,187.300,100.00,0.90000,219
101,180.500,100.00,0.89900,219
102,184.950,100.00,0.89800,219
103,181.250,100.00,0.89700,219
104,176.350,100.00,0.89600,220
105,182.450,100.00,0.89500,220
106,180.950,100.00,0.89400,220
107,183.450,100.00,0.89300,222
108,195.700,100.00,0.89200,224
109,192.050,100.00,0.89100,225
110,185.300,100.00,0.89000,227
111,175.400,100.00,0.88900,227
112,183.400,100.00,0.88800,227
113,188.700,100.00,0.88700,228
114,183.550,100.00,0.88600,228
115,187.900,100.00,0.88500,228
116,195.700,100.00,0.88400,231
117,180.650,100.00,0.88300,231
118,183.450,100.00,0.88200,232
119,185.350,100.00,0.88100,232
120,185.600,100.00,0.88000,232
121,172.500,100.00,0.87900,232
122,188.150,100.00,0.87800,232
123,194.500,100.00,0.87700,233
124,184.150,100.00,0.87600,233
125,172.000,100.00,0.87500,235
126,163.950,100.00,0.87400,235
127,190.350,100.00,0.87300,235
128,187.500,100.00,0.87200,236
129,180.400,100.00,0.87100,237
130,177.900,100.00,0.87000,237
131,194.950,100.00,0.86900,238
132,179.950,100.00,0.86800,240
133,186.350,100.00,0.86700,240
134,180.400,100.00,0.86600,242
135,173.800,100.00,0.86500,242
136,178.800,100.00,0.86400,243
137,169.550,100.00,0.86300,243
138,181.350,100.00,0.86200,244
139,187.200,100.00,0.86100,244
140,171.600,100.00,0.86000,244
141,185.350,100.00,0.85900,245
142,196.600,100.00,0.85800,247
143,177.950,100.00,0.85700,249
144,174.500,100.00,0.85600,250
145,182.050,100.00,0.85500,250
146,168.350,100.00,0.85400,251
147,185.050,100.00,0.85300,253
148,176.200,100.00,0.85200,253
149,176.600,100.00,0.85100,253
150,183.500,100.00,0.85000,254
151,192.000,100.00,0.84900,254
152,175.800,100.00,0.84800,254
153,186.950,100.00,0.84700,255
154,177.600,100.00,0.84600,256
155,177.050,100.00,0.84500,257
156,193.950,100.00,0.84400,257
157,178.450,100.00,0.84300,259
158,186.900,100.00,0.84200,259
159,186.350,100.00,0.84100,259
160,164.400,100.00,0.84000,259
161,176.350,100.00,0.83900,261
162,183.900,100.00,0.83800,261
163,183.100,100.00,0.83700,261
164,187.950,100.00,0.83600,262
165,181.450,100.00,0.83500,263
166,197.300,100.00,0.83400,264
167,170.700,100.00,0.83300,267
168,182.050,100.00,0.83200,267
169,178.850,100.00,0.83100,268
170,187.100,100.00,0.83000,270
171,180.800,100.00,0.82900,270
172,192.600,100.00,0.82800,271
173,173.800,100.00,0.82700,272
174,175.150,100.00,0.82600,274
175,181.700,100.00,0.82500,274
176,166.650,100.00,0.82400,276
177,182.700,100.00,0.82300,276
178,187.350,100.00,0.82200,276
179,184.250,100.00,0.82100,276
180,189.150,100.00,0.82000,276
181,179.100,100.00,0.81900,276
182,175.350,100.00,0.81800,276
183,190.500,100.00,0.81700,276
184,185.850,100.00,0.81600,277
185,173.650,100.00,0.81500,277
186,172.600,100.00,0.81400,277
187,185.500,100.00,0.81300,277
188,184.100,100.00,0.81200,277
189,181.150,100.00,0.81100,278
190,179.000,100.00,0.81000,278
191,187.950,100.00,0.80900,278
192,173.900,100.00,0.80800,278
193,187.900,100.00,0.80700,278
194,166.650,100.00,0.80600,278
195,174.750,100.00,0.80500,278
196,176.450,100.00,0.80400,278
197,189.350,100.00,0.80300,278
198,177.800,100.00,0.80200,278
199,174.150,100.00,0.80100,278
200,183.500,100.00,0.80000,278
201,177.400,100.00,0.79900,278
202,175.100,100.00,0.79800,278
203,166.700,100.00,0.79700,278
204,176.250,100.00,0.79600,278
205,168.550,100.00,0.79500,278
206,172.950,100.00,0.79400,278
207,182.500,100.00,0.79300,278
208,175.150,100.00,0.79200,279
209,169.500,100.00,0.79100,279
210,189.200,100.00,0.79000,279
211,190.800,100.00,0.78900,281
212,186.600,100.00,0.78800,281
213,176.400,100.00,0.78700,281
214,171.200,100.00,0.78600,281
215,181.200,100.00,0.78500,281
216,184.750,100.00,0.78400,281
217,174.900,100.00,0.78300,282
218,180.800,100.00,0.78200,283
219,182.050,100.00,0.78100,285
220,183.900,100.00,0.78000,286
221,169.750,100.00,0.77900,286
222,181.100,100.00,0.77800,286
223,179.550,100.00,0.77700,286
224,182.750,100.00,0.77600,286
225,178.150,100.00,0.77500,286
226,181.900,100.00,0.77400,287
227,171.400,100.00,0.77300,288
228,180.950,100.00,0.77200,288
229,188.850,100.00,0.77100,289
230,178.800,100.00,0.77000,289
231,183.800,100.00,0.76900,289
232,175.650,100.00,0.76800,291
233,183.700,100.00,0.76700,291
234,185.450,100.00,0.76600,291
235,171.900,100.00,0.76500,291
236,179.300,100.00,0.76400,291
237,185.550,100.00,0.76300,291
238,182.600,100.00,0.76200,291
239,193.350,100.00,0.76100,291
240,184.250,100.00,0.76000,291
241,188.900,100.00,0.75900,291
242,190.100,100.00,0.75800,291
243,180.000,100.00,0.75700,291
244,177.650,100.00,0.75600,291
245,193.500,100.00,0.75500,292
246,177.500,100.00,0.75400,292
247,186.100,100.00,0.75300,292
248,180.550,100.00,0.75200,293
249,187.550,100.00,0.75100,293
250,177.550,100.00,0.75000,293
251,172.650,100.00,0.74900,294
252,189.300,100.00,0.74800,294
253,188.650,100.00,0.74700,294
254,177.450,100.00,0.74600,294
255,167.350,100.00,0.74500,294
256,183.700,100.00,0.74400,295
257,181.100,100.00,0.74300,295
258,190.150,100.00,0.74200,296
259,171.400,100.00,0.74100,296
260,193.900,100.00,0.74000,296
261,192.600,100.00,0.73900,296
262,180.250,100.00,0.73800,296
263,179.950,100.00,0.73700,297
264,185.700,100.00,0.73600,298
265,195.450,100.00,0.73500,298
266,188.400,100.00,0.73400,298
267,188.000,100.00,0.73300,298
268,180.850,100.00,0.73200,298
269,175.100,100.00,0.73100,298
270,180.800,100.00,0.73000,300
271,185.300,100.00,0.72900,301
272,178.200,100.00,0.72800,302
273,177.450,100.00,0.72700,302
274,176.900,100.00,0.72600,302
275,159.150,100.00,0.72500,302
276,188.300,100.00,0.72400,302
277,173.550,100.00,0.72300,304
278,184.700,100.00,0.72200,304
279,184.500,100.00,0.72100,304
280,180.050,100.00,0.72000,304
281,184.450,100.00,0.71900,304
282,183.450,100.00,0.71800,304
283,172.100,100.00,0.71700,304
284,179.200,100.00,0.71600,304
285,175.750,100.00,0.71500,304
286,173.400,100.00,0.71400,304
287,179.350,100.00,0.71300,304
288,173.850,100.00,0.71200,304
289,182.500,100.00,0.71100,304
290,171.950,100.00,0.71000,304
291,182.150,100.00,0.70900,304
292,190.750,100.00,0.70800,304
293,187.200,100.00,0.70700,304
294,189.200,100.00,0.70600,304
295,187.950,100.00,0.70500,304
296,194.100,100.00,0.70400,304
297,174.250,100.00,0.70300,304
298,197.600,100.00,0.70200,304
299,184.150,100.00,0.70100,304
300,176.600,100.00,0.70000,304
301,191.350,100.00,0.69900,304
302,181.250,100.00,0.69800,304
303,184.900,100.00,0.69700,304
304,185.400,100.00,0.69600,305
305,178.600,100.00,0.69500,305
306,175.700,100.00,0.69400,306
307,181.450,100.00,0.69300,306
308,183.750,100.00,0.69200,307
309,184.000,100.00,0.69100,307
310,178.800,100.00,0.69000,307
311,189.100,100.00,0.68900,307
312,180.950,100.00,0.68800,307
313,185.450,100.00,0.68700,307
314,167.450,100.00,0.68600,307
315,187.700,100.00,0.68500,307
316,192.500,100.00,0.68400,307
317,189.950,100.00,0.68300,307
318,176.250,100.00,0.68200,307
319,183.600,100.00,0.68100,307
320,192.100,100.00,0.68000,307
321,186.300,100.00,0.67900,307
322,170.050,100.00,0.67800,307
323,189.250,100.00,0.67700,307
324,177.700,100.00,0.67600,307
325,189.950,100.00,0.67500,307
326,187.900,100.00,0.67400,307
327,181.000,100.00,0.67300,307
328,175.200,100.00,0.67200,307
329,180.600,100.00,0.67100,307
330,182.650,100.00,0.67000,307
331,177.600,100.00,0.66900,308
332,185.800,100.00,0.66800,308
333,191.050,100.00,0.66700,308
334,180.250,100.00,0.66600,308
335,189.300,100.00,0.66500,308
336,192.300,100.00,0.66400,308
337,176.000,100.00,0.66300,308
338,173.100,100.00,0.66200,309
339,185.600,100.00,0.66100,309
340,187.600,100.00,0.66000,309
341,174.100,100.00,0.65900,309
342,181.900,100.00,0.65800,309
343,180.950,100.00,0.65700,309
344,180.750,100.00,0.65600,309
345,187.300,100.00,0.65500,309
346,183.550,100.00,0.65400,309
347,170.700,100.00,0.65300,309
348,192.900,100.00,0.65200,309
349,181.800,100.00,0.65100,310
350,178.700,100.00,0.65000,310
351,180.500,100.00,0.64900,310
352,178.050,100.00,0.64800,310
353,185.400,100.00,0.64700,310
354,185.900,100.00,0.64600,310
355,168.550,100.00,0.64500,310
356,180.050,100.00,0.64400,310
357,192.050,100.00,0.64300,310
358,179.100,100.00,0.64200,310
359,177.000,100.00,0.64100,310
360,172.400,100.00,0.64000,310
361,184.800,100.00,0.63900,310
362,179.850,100.00,0.63800,310
363,179.050,100.00,0.63700,310
364,173.750,100.00,0.63600,310
365,167.750,100.00,0.63500,310
366,181.950,100.00,0.63400,310
367,187.450,100.00,0.63300,311
368,177.050,100.00,0.63200,311
369,176.200,100.00,0.63100,311
370,189.000,100.00,0.63000,311
371,180.900,100.00,0.62900,311
372,176.950,100.00,0.62800,311
373,186.500,100.00,0.62700,311
374,185.000,100.00,0.62600,311
375,188.850,100.00,0.62500,311
376,178.200,100.00,0.62400,311
377,194.600,100.00,0.62300,311
378,180.300,100.00,0.62200,312
379,195.350,100.00,0.62100,312
380,181.050,100.00,0.62000,312
381,182.300,100.00,0.61900,312
382,186.800,100.00,0.61800,312
383,183.000,100.00,0.61700,312
384,181.400,100.00,0.61600,312
385,180.150,100.00,0.61500,312
386,180.550,100.00,0.61400,312
387,192.400,100.00,0.61300,312
388,189.250,100.00,0.61200,312
389,181.150,100.00,0.61100,312
390,179.150,100.00,0.61000,312
391,195.500,100.00,0.60900,312
392,187.550,100.00,0.60800,312
393,189.700,100.00,0.60700,312
394,183.650,100.00,0.60600,312
395,187.100,100.00,0.60500,312
396,184.300,100.00,0.60400,312
397,182.800,100.00,0.60300,312
398,174.250,100.00,0.60200,312
399,189.450,100.00,0.60100,312
400,184.200,100.00,0.60000,312
401,179.900,100.00,0.59900,312
402,169.150,100.00,0.59800,312
403,189.250,100.00,0.59700,312
404,176.700,100.00,0.59600,312
405,178.600,100.00,0.59500,312
406,191.350,100.00,0.59400,312
407,181.400,100.00,0.59300,312
408,176.250,100.00,0.59200,312
409,182.600,100.00,0.59100,312
410,181.800,100.00,0.59000,312
411,171.050,100.00,0.58900,312
412,187.200,100.00,0.58800,312
413,175.050,100.00,0.58700,312
414,184.350,100.00,0.58600,312
415,179.650,100.00,0.58500,312
416,172.500,100.00,0.58400,312
417,179.800,100.00,0.58300,312
418,175.550,100.00,0.58200,312
419,183.850,100.00,0.58100,312
420,190.750,100.00,0.58000,312
421,193.450,100.00,0.57900,313
422,180.900,100.00,0.57800,313
423,188.700,100.00,0.57700,313
424,186.250,100.00,0.57600,313
425,183.400,100.00,0.57500,313
426,183.550,100.00,0.57400,313
427,183.500,100.00,0.57300,313
428,182.000,100.00,0.57200,313
429,188.750,100.00,0.57100,313
430,186.900,100.00,0.57000,313
431,171.000,100.00,0.56900,313
432,174.450,100.00,0.56800,313
433,183.700,100.00,0.56700,313
434,192.250,100.00,0.56600,313
435,174.050,100.00,0.56500,313
436,188.050,100.00,0.56400,313
437,178.900,100.00,0.56300,315
438,175.250,100.00,0.56200,315
439,203.000,100.00,0.56100,315
440,170.000,100.00,0.56000,315
441,186.150,100.00,0.55900,315
442,176.150,100.00,0.55800,315
443,181.500,100.00,0.55700,315
444,177.350,100.00,0.55600,315
445,175.450,100.00,0.55500,315
446,189.500,100.00,0.55400,315
447,182.400,100.00,0.55300,315
448,192.500,100.00,0.55200,315
449,193.800,100.00,0.55100,315
450,170.150,100.00,0.55000,315
451,184.300,100.00,0.54900,315
452,185.500,100.00,0.54800,315
453,197.100,100.00,0.54700,315
454,181.800,100.00,0.54600,315
455,187.500,100.00,0.54500,315
456,190.300,100.00,0.54400,315
457,197.800,100.00,0.54300,315
458,187.050,100.00,0.54200,315
459,193.650,100.00,0.54100,315
460,181.950,100.00,0.54000,315
461,177.100,100.00,0.53900,315
462,190.350,100.00,0.53800,315
463,187.200,100.00,0.53700,315
464,191.350,100.00,0.53600,315
465,170.750,100.00,0.53500,315
466,190.100,100.00,0.53400,316
467,181.550,100.00,0.53300,316
468,176.300,100.00,0.53200,316
469,182.750,100.00,0.53100,316
470,180.200,100.00,0.53000,316
471,180.650,100.00,0.52900,317
472,188.950,100.00,0.52800,317
473,183.900,100.00,0.52700,317
474,178.750,100.00,0.52600,317
475,181.550,100.00,0.52500,317
476,171.700,100.00,0.52400,317
477,193.200,100.00,0.52300,317
478,190.350,100.00,0.52200,317
479,175.300,100.00,0.52100,317
480,174.350,100.00,0.52000,317
481,174.050,100.00,0.51900,317
482,181.100,100.00,0.51800,317
483,184.300,100.00,0.51700,317
484,177.400,100.00,0.51600,317
485,175.900,100.00,0.51500,317
486,173.100,100.00,0.51400,317
487,186.400,100.00,0.51300,318
488,183.950,100.00,0.51200,318
489,178.300,100.00,0.51100,318
490,178.000,100.00,0.51000,318
491,169.300,100.00,0.50900,318
492,177.850,100.00,0.50800,319
493,190.000,100.00,0.50700,319
494,171.750,100.00,0.50600,319
495,179.600,100.00,0.50500,319
496,179.800,100.00,0.50400,319
497,182.150,100.00,0.50300,319
498,180.350,100.00,0.50200,319
499,191.500,100.00,0.50100,319
500,174.550,100.00,0.50000,319
501,176.950,100.00,0.49900,319
502,181.500,100.00,0.49800,319
503,170.950,100.00,0.49700,319
504,181.050,100.00,0.49600,319
505,171.750,100.00,0.49500,319
506,186.100,100.00,0.49400,319
507,182.400,100.00,0.49300,319
508,188.550,100.00,0.49200,319
509,164.600,100.00,0.49100,319
510,174.250,100.00,0.49000,319
511,188.800,100.00,0.48900,319
512,179.050,100.00,0.48800,320
513,181.250,100.00,0.48700,320
514,194.800,100.00,0.48600,320
515,179.100,100.00,0.48500,321
516,181.350,100.00,0.48400,321
517,175.400,100.00,0.48300,321
518,167.350,100.00,0.48200,321
519,193.000,100.00,0.48100,321
520,176.850,100.00,0.48000,321
521,169.700,100.00,0.47900,321
522,191.500,100.00,0.47800,321
523,193.150,100.00,0.47700,321
524,183.250,100.00,0.47600,321
525,177.750,100.00,0.47500,321
526,196.650,100.00,0.47400,321
527,188.900,100.00,0.47300,321
528,175.550,100.00,0.47200,321
529,183.250,100.00,0.47100,321
530,185.550,100.00,0.47000,321
531,182.300,100.00,0.46900,321
532,172.950,100.00,0.46800,321
533,185.850,100.00,0.46700,321
534,188.300,100.00,0.46600,321
535,181.200,100.00,0.46500,321
536,186.550,100.00,0.46400,321
537,173.200,100.00,0.46300,321
538,182.050,100.00,0.46200,321
539,182.900,100.00,0.46100,321
540,176.400,100.00,0.46000,321
541,178.950,100.00,0.45900,321
542,180.050,100.00,0.45800,321
543,184.200,100.00,0.45700,321
544,180.850,100.00,0.45600,321
545,173.250,100.00,0.45500,321
546,170.700,100.00,0.45400,321
547,182.050,100.00,0.45300,321
548,188.500,100.00,0.45200,321
549,178.600,100.00,0.45100,321
550,173.100,100.00,0.45000,321
551,180.450,100.00,0.44900,321
552,185.450,100.00,0.44800,321
553,181.650,100.00,0.44700,321
554,185.850,100.00,0.44600,321
555,187.150,100.00,0.44500,321
556,182.350,100.00,0.44400,321
557,172.600,100.00,0.44300,321
558,187.450,100.00,0.44200,321
559,184.550,100.00,0.44100,323
560,190.050,100.00,0.44000,323
561,181.200,100.00,0.43900,323
562,189.000,100.00,0.43800,323
563,185.250,100.00,0.43700,323
564,194.000,100.00,0.43600,323
565,184.450,100.00,0.43500,323
566,176.100,100.00,0.43400,323
567,179.450,100.00,0.43300,323
568,193.250,100.00,0.43200,323
569,182.700,100.00,0.43100,323
570,181.350,100.00,0.43000,323
571,189.900,100.00,0.42900,323
572,182.200,100.00,0.42800,323
573,172.850,100.00,0.42700,323
574,184.000,100.00,0.42600,323
575,180.150,100.00,0.42500,323
576,180.150,100.00,0.42400,323
577,179.250,100.00,0.42300,323
578,180.650,100.00,0.42200,323
579,182.700,100.00,0.42100,323
580,189.800,100.00,0.42000,323
581,183.600,100.00,0.41900,323
582,179.500,100.00,0.41800,323
583,179.900,100.00,0.41700,323
584,194.500,100.00,0.41600,323
585,183.000,100.00,0.41500,323
586,197.400,100.00,0.41400,323
587,174.400,100.00,0.41300,323
588,190.550,100.00,0.41200,323
589,176.400,100.00,0.41100,323
590,178.350,100.00,0.41000,323
591,173.750,100.00,0.40900,323
592,186.900,100.00,0.40800,323
593,181.350,100.00,0.40700,323
594,186.200,100.00,0.40600,323
595,182.250,100.00,0.40500,323
596,173.300,100.00,0.40400,323
597,178.200,100.00,0.40300,323
598,176.750,100.00,0.40200,323
599,192.050,100.00,0.40100,323
600,183.500,100.00,0.40000,323
601,160.350,100.00,0.39900,323
602,182.200,100.00,0.39800,323
603,181.700,100.00,0.39700,323
604,182.600,100.00,0.39600,323
605,190.950,100.00,0.39500,323
606,185.350,100.00,0.39400,323
607,184.700,100.00,0.39300,323
608,194.400,100.00,0.39200,323
609,179.350,100.00,0.39100,323
610,177.550,100.00,0.39000,323
611,181.400,100.00,0.38900,323
612,186.100,100.00,0.38800,323
613,190.500,100.00,0.38700,323
614,197.250,100.00,0.38600,323
615,175.000,100.00,0.38500,323
616,184.100,100.00,0.38400,323
617,192.050,100.00,0.38300,323
618,192.350,100.00,0.38200,323
619,189.350,100.00,0.38100,323
620,187.050,100.00,0.38000,323
621,188.300,100.00,0.37900,323
622,192.000,100.00,0.37800,323
623,191.250,100.00,0.37700,323
624,177.000,100.00,0.37600,323
625,176.250,100.00,0.37500,323
626,171.700,100.00,0.37400,323
627,180.800,100.00,0.37300,323
628,190.100,100.00,0.37200,323
629,184.550,100.00,0.37100,323
630,178.400,100.00,0.37000,323
631,179.000,100.00,0.36900,323
632,193.150,100.00,0.36800,323
633,188.600,100.00,0.36700,323
634,175.350,100.00,0.36600,323
635,176.800,100.00,0.36500,323
636,190.300,100.00,0.36400,323
637,179.750,100.00,0.36300,323
638,190.650,100.00,0.36200,323
639,161.850,100.00,0.36100,323
640,173.400,100.00,0.36000,323
641,182.350,100.00,0.35900,323
642,175.650,100.00,0.35800,323
643,184.950,100.00,0.35700,323
644,180.800,100.00,0.35600,323
645,191.200,100.00,0.35500,323
646,163.050,100.00,0.35400,323
647,171.250,100.00,0.35300,323
648,174.600,100.00,0.35200,323
649,191.350,100.00,0.35100,323
650,164.650,100.00,0.35000,323
651,197.500,100.00,0.34900,323
652,183.900,100.00,0.34800,323
653,183.000,100.00,0.34700,323
654,179.000,100.00,0.34600,323
655,195.750,100.00,0.34500,323
656,194.800,100.00,0.34400,323
657,176.550,100.00,0.34300,323
658,183.550,100.00,0.34200,323
659,170.900,100.00,0.34100,323
660,169.550,100.00,0.34000,323
661,181.400,100.00,0.33900,323
662,179.600,100.00,0.33800,323
663,182.800,100.00,0.33700,323
664,189.750,100.00,0.33600,323
665,180.600,100.00,0.33500,323
666,183.450,100.00,0.33400,323
667,169.700,100.00,0.33300,323
668,187.150,100.00,0.33200,323
669,185.750,100.00,0.33100,323
670,170.850,100.00,0.33000,323
671,175.150,100.00,0.32900,323
672,186.950,100.00,0.32800,323
673,190.000,100.00,0.32700,323
674,187.200,100.00,0.32600,323
675,176.050,100.00,0.32500,323
676,168.450,100.00,0.32400,323
677,171.850,100.00,0.32300,323
678,188.300,100.00,0.32200,323
679,174.600,100.00,0.32100,323
680,168.950,100.00,0.32000,323
681,181.800,100.00,0.31900,323
682,178.350,100.00,0.31800,323
683,179.600,100.00,0.31700,323
684,187.450,100.00,0.31600,323
685,195.100,100.00,0.31500,323
686,167.950,100.00,0.31400,323
687,174.350,100.00,0.31300,323
688,183.600,100.00,0.31200,323
689,177.100,100.00,0.31100,323
690,170.850,100.00,0.31000,323
691,183.250,100.00,0.30900,323
692,182.100,100.00,0.30800,323
693,175.600,100.00,0.30700,323
694,187.400,100.00,0.30600,323
695,193.550,100.00,0.30500,323
696,188.900,100.00,0.30400,323
697,192.200,100.00,0.30300,323
698,188.350,100.00,0.30200,323
699,179.300,100.00,0.30100,323
700,179.600,100.00,0.30000,323
701,187.100,100.00,0.29900,323
702,189.450,100.00,0.29800,323
703,180.600,100.00,0.29700,323
704,177.600,100.00,0.29600,323
705,187.750,100.00,0.29500,323
706,189.000,100.00,0.29400,323
707,174.200,100.00,0.29300,323
708,184.350,100.00,0.29200,323
709,171.550,100.00,0.29100,323
710,183.450,100.00,0.29000,323
711,185.600,100.00,0.28900,323
712,173.750,100.00,0.28800,323
713,176.350,100.00,0.28700,323
714,177.400,100.00,0.28600,323
715,174.250,100.00,0.28500,323
716,192.900,100.00,0.28400,323
717,180.250,100.00,0.28300,323
718,168.650,100.00,0.28200,323
719,186.050,100.00,0.28100,323
720,179.350,100.00,0.28000,323
721,179.350,100.00,0.27900,323
722,182.550,100.00,0.27800,323
723,188.050,100.00,0.27700,323
724,177.400,100.00,0.27600,323
725,182.650,100.00,0.27500,323
726,185.400,100.00,0.27400,323
727,179.550,100.00,0.27300,323
728,178.350,100.00,0.27200,323
729,178.750,100.00,0.27100,323
730,178.550,100.00,0.27000,323
731,181.650,100.00,0.26900,323
732,178.300,100.00,0.26800,323
733,186.950,100.00,0.26700,323
734,187.250,100.00,0.26600,323
735,186.500,100.00,0.26500,323
736,181.450,100.00,0.26400,323
737,181.000,100.00,0.26300,323
738,186.350,100.00,0.26200,323
739,185.650,100.00,0.26100,323
740,178.400,100.00,0.26000,323
741,188.000,100.00,0.25900,323
742,164.400,100.00,0.25800,323
743,188.350,100.00,0.25700,323
744,184.500,100.00,0.25600,323
745,183.650,100.00,0.25500,323
746,173.700,100.00,0.25400,323
747,178.950,100.00,0.25300,323
748,192.700,100.00,0.25200,323
749,178.250,100.00,0.25100,323
750,176.450,100.00,0.25000,323
751,185.950,100.00,0.24900,323
752,176.400,100.00,0.24800,323
753,183.250,100.00,0.24700,323
754,189.950,100.00,0.24600,323
755,178.300,100.00,0.24500,323
756,193.450,100.00,0.24400,323
757,179.450,100.00,0.24300,323
758,194.350,100.00,0.24200,323
759,171.800,100.00,0.24100,323
760,187.700,100.00,0.24000,323
761,185.650,100.00,0.23900,323
762,186.450,100.00,0.23800,323
763,179.200,100.00,0.23700,323
764,176.750,100.00,0.23600,323
765,186.850,100.00,0.23500,323
766,173.900,100.00,0.23400,323
767,187.850,100.00,0.23300,323
768,178.950,100.00,0.23200,323
769,174.300,100.00,0.23100,323
770,171.200,100.00,0.23000,323
771,176.850,100.00,0.22900,323
772,182.800,100.00,0.22800,323
773,183.700,100.00,0.22700,323
774,188.300,100.00,0.22600,323
775,197.350,100.00,0.22500,323
776,184.250,100.00,0.22400,323
777,186.850,100.00,0.22300,323
778,176.950,100.00,0.22200,323
779,182.450,100.00,0.22100,323
780,191.250,100.00,0.22000,323
781,173.000,100.00,0.21900,323
782,178.500,100.00,0.21800,323
783,188.450,100.00,0.21700,323
784,172.450,100.00,0.21600,323
785,185.500,100.00,0.21500,323
786,186.650,100.00,0.21400,323
787,173.550,100.00,0.21300,323
788,188.600,100.00,0.21200,323
789,188.750,100.00,0.21100,323
790,184.900,100.00,0.21000,323
791,183.000,100.00,0.20900,323
792,183.150,100.00,0.20800,323
793,179.750,100.00,0.20700,323
794,184.900,100.00,0.20600,323
795,185.450,100.00,0.20500,323
796,177.250,100.00,0.20400,323
797,189.000,100.00,0.20300,323
798,189.700,100.00,0.20200,323
799,182.750,100.00,0.20100,323
800,179.800,100.00,0.20000,323
801,180.350,100.00,0.19900,323
802,178.950,100.00,0.19800,323
803,178.500,100.00,0.19700,323
804,184.450,100.00,0.19600,323
805,185.900,100.00,0.19500,323
806,196.100,100.00,0.19400,323
807,182.100,100.00,0.19300,323
808,191.100,100.00,0.19200,323
809,183.150,100.00,0.19100,323
810,186.100,100.00,0.19000,323
811,188.900,100.00,0.18900,323
812,186.750,100.00,0.18800,323
813,176.900,100.00,0.18700,323
814,184.450,100.00,0.18600,323
815,177.850,100.00,0.18500,323
816,179.650,100.00,0.18400,323
817,184.850,100.00,0.18300,323
818,179.250,100.00,0.18200,323
819,188.450,100.00,0.18100,323
820,177.250,100.00,0.18000,323
821,186.750,100.00,0.17900,323
822,178.000,100.00,0.17800,323
823,190.050,100.00,0.17700,323
824,182.050,100.00,0.17600,323
825,184.450,100.00,0.17500,323
826,181.400,100.00,0.17400,323
827,183.250,100.00,0.17300,323
828,176.150,100.00,0.17200,323
829,190.100,100.00,0.17100,323
830,175.150,100.00,0.17000,323
831,187.800,100.00,0.16900,323
832,189.200,100.00,0.16800,323
833,194.150,100.00,0.16700,323
834,187.200,100.00,0.16600,323
835,174.450,100.00,0.16500,323
836,184.100,100.00,0.16400,323
837,175.200,100.00,0.16300,323
838,184.500,100.00,0.16200,323
839,168.300,100.00,0.16100,323
840,188.200,100.00,0.16000,323
841,178.150,100.00,0.15900,323
842,186.800,100.00,0.15800,323
843,177.550,100.00,0.15700,323
844,171.200,100.00,0.15600,323
845,185.000,100.00,0.15500,323
846,187.100,100.00,0.15400,323
847,181.400,100.00,0.15300,323
848,188.300,100.00,0.15200,323
849,182.050,100.00,0.15100,323
850,189.600,100.00,0.15000,323
851,194.050,100.00,0.14900,323
852,180.000,100.00,0.14800,323
853,178.100,100.00,0.14700,323
854,165.050,100.00,0.14600,323
855,170.400,100.00,0.14500,323
856,188.300,100.00,0.14400,323
857,174.200,100.00,0.14300,323
858,182.000,100.00,0.14200,323
859,182.350,100.00,0.14100,323
860,185.650,100.00,0.14000,323
861,180.350,100.00,0.13900,323
862,188.300,100.00,0.13800,323
863,171.300,100.00,0.13700,323
864,181.050,100.00,0.13600,323
865,186.200,100.00,0.13500,323
866,179.200,100.00,0.13400,323
867,184.950,100.00,0.13300,323
868,191.550,100.00,0.13200,323
869,179.250,100.00,0.13100,323
870,184.750,100.00,0.13000,323
871,173.600,100.00,0.12900,323
872,197.300,100.00,0.12800,323
873,179.800,100.00,0.12700,323
874,182.250,100.00,0.12600,323
875,185.200,100.00,0.12500,323
876,200.000,100.00,0.12400,323
877,175.750,100.00,0.12300,323
878,187.900,100.00,0.12200,323
879,180.550,100.00,0.12100,323
880,180.750,100.00,0.12000,323
881,174.700,100.00,0.11900,323
882,193.200,100.00,0.11800,323
883,180.750,100.00,0.11700,323
884,170.000,100.00,0.11600,323
885,195.350,100.00,0.11500,323
886,183.000,100.00,0.11400,323
887,185.100,100.00,0.11300,323
888,183.200,100.00,0.11200,323
889,186.000,100.00,0.11100,323
890,167.900,100.00,0.11000,323
891,189.050,100.00,0.10900,323
892,183.700,100.00,0.10800,323
893,197.500,100.00,0.10700,323
894,183.850,100.00,0.10600,323
895,181.600,100.00,0.10500,323
896,179.100,100.00,0.10400,323
897,165.200,100.00,0.10300,323
898,185.400,100.00,0.10200,323
899,177.900,100.00,0.10100,323
900,166.350,100.00,0.10000,323
901,190.700,100.00,0.09900,323
902,164.450,100.00,0.09800,323
903,187.900,100.00,0.09700,323
904,184.800,100.00,0.09600,323
905,177.500,100.00,0.09500,323
906,180.950,100.00,0.09400,323
907,191.850,100.00,0.09300,323
908,186.950,100.00,0.09200,323
909,189.200,100.00,0.09100,323
910,172.850,100.00,0.09000,323
911,196.300,100.00,0.08900,323
912,184.050,100.00,0.08800,323
913,174.800,100.00,0.08700,323
914,177.450,100.00,0.08600,323
915,171.650,100.00,0.08500,323
916,188.100,100.00,0.08400,323
917,191.000,100.00,0.08300,323
918,186.100,100.00,0.08200,323
919,171.950,100.00,0.08100,323
920,189.850,100.00,0.08000,323
921,178.250,100.00,0.07900,323
922,183.150,100.00,0.07800,323
923,181.950,100.00,0.07700,323
924,184.450,100.00,0.07600,323
925,182.900,100.00,0.07500,323
926,178.550,100.00,0.07400,323
927,180.750,100.00,0.07300,323
928,184.650,100.00,0.07200,323
929,177.950,100.00,0.07100,323
930,177.350,100.00,0.07000,323
931,186.250,100.00,0.06900,323
932,189.300,100.00,0.06800,323
933,174.550,100.00,0.06700,323
934,191.500,100.00,0.06600,323
935,184.150,100.00,0.06500,323
936,181.550,100.00,0.06400,323
937,164.600,100.00,0.06300,323
938,166.400,100.00,0.06200,323
939,180.150,100.00,0.06100,323
940,172.600,100.00,0.06000,323
941,174.300,100.00,0.05900,323
942,185.300,100.00,0.05800,323
943,171.850,100.00,0.05700,323
944,185.700,100.00,0.05600,323
945,181.500,100.00,0.05500,323
946,189.800,100.00,0.05400,323
947,188.200,100.00,0.05300,323
948,184.000,100.00,0.05200,323
949,195.150,100.00,0.05100,323
950,188.850,100.00,0.05000,323
951,174.400,100.00,0.05000,323
952,188.600,100.00,0.05000,323
953,183.050,100.00,0.05000,323
954,172.550,100.00,0.05000,323
955,183.200,100.00,0.05000,323
956,187.600,100.00,0.05000,323
957,181.550,100.00,0.05000,323
958,186.400,100.00,0.05000,323
959,192.250,100.00,0.05000,323
960,180.400,100.00,0.05000,323
961,179.200,100.00,0.05000,323
962,182.050,100.00,0.05000,323
963,184.100,100.00,0.05000,323
964,171.100,100.00,0.05000,323
965,182.200,100.00,0.05000,323
966,182.850,100.00,0.05000,323
967,167.700,100.00,0.05000,323
968,190.150,100.00,0.05000,323
969,178.350,100.00,0.05000,323
970,184.600,100.00,0.05000,323
971,184.000,100.00,0.05000,323
972,185.350,100.00,0.05000,323
973,175.750,100.00,0.05000,323
974,186.650,100.00,0.05000,323
975,186.800,100.00,0.05000,323
976,181.800,100.00,0.05000,323
977,187.150,100.00,0.05000,323
978,175.350,100.00,0.05000,323
979,183.500,100.00,0.05000,323
980,163.850,100.00,0.05000,323
981,182.200,100.00,0.05000,323
982,184.950,100.00,0.05000,323
983,180.650,100.00,0.05000,323
984,187.050,100.00,0.05000,323
985,169.400,100.00,0.05000,323
986,161.150,100.00,0.05000,323
987,185.750,100.00,0.05000,323
988,184.900,100.00,0.05000,323
989,169.400,100.00,0.05000,323
990,181.900,100.00,0.05000,323
991,176.050,100.00,0.05000,323
992,189.750,100.00,0.05000,323
993,190.600,100.00,0.05000,323
994,180.300,100.00,0.05000,323
995,188.100,100.00,0.05000,323
996,180.900,100.00,0.05000,323
997,183.300,100.00,0.05000,323
998,182.850,100.00,0.05000,323
999,186.550,100.00,0.05000,323
1000,172.950,100.00,0.05000,323
1001,179.200,100.00,0.05000,323
1002,174.850,100.00,0.05000,323
1003,181.650,100.00,0.05000,323
1004,190.500,100.00,0.05000,323
1005,193.100,100.00,0.05000,323
1006,182.200,100.00,0.05000,323
1007,183.500,100.00,0.05000,323
1008,183.000,100.00,0.05000,323
1009,187.950,100.00,0.05000,323
1010,175.550,100.00,0.05000,323
1011,187.000,100.00,0.05000,323
1012,186.500,100.00,0.05000,323
1013,170.600,100.00,0.05000,323
1014,188.500,100.00,0.05000,323
1015,186.950,100.00,0.05000,323
1016,189.450,100.00,0.05000,323
1017,184.600,100.00,0.05000,323
1018,185.250,100.00,0.05000,323
1019,178.100,100.00,0.05000,323
1020,172.350,100.00,0.05000,323
1021,185.800,100.00,0.05000,323
1022,181.300,100.00,0.05000,323
1023,185.850,100.00,0.05000,323
1024,185.250,100.00,0.05000,323
1025,188.900,100.00,0.05000,323
1026,176.300,100.00,0.05000,323
1027,189.250,100.00,0.05000,323
1028,175.300,100.00,0.05000,323
1029,164.650,100.00,0.05000,323
1030,181.300,100.00,0.05000,323
1031,168.650,100.00,0.05000,323
1032,192.100,100.00,0.05000,323
1033,180.550,100.00,0.05000,323
1034,194.900,100.00,0.05000,323
1035,185.350,100.00,0.05000,323
1036,189.150,100.00,0.05000,323
1037,182.400,100.00,0.05000,323
1038,185.900,100.00,0.05000,323
1039,179.100,100.00,0.05000,323
1040,159.200,100.00,0.05000,323
1041,169.750,100.00,0.05000,323
1042,179.950,100.00,0.05000,323
1043,182.450,100.00,0.05000,323
1044,184.250,100.00,0.05000,323
1045,186.650,100.00,0.05000,323
1046,180.350,100.00,0.05000,323
1047,181.750,100.00,0.05000,323
1048,179.350,100.00,0.05000,323
1049,193.250,100.00,0.05000,323
1050,183.800,100.00,0.05000,323
1051,183.650,100.00,0.05000,323
1052,182.650,100.00,0.05000,323
1053,183.650,100.00,0.05000,323
1054,186.750,100.00,0.05000,323
1055,180.850,100.00,0.05000,323
1056,185.150,100.00,0.05000,323
1057,186.900,100.00,0.05000,323
1058,189.800,100.00,0.05000,323
1059,182.900,100.00,0.05000,323
1060,195.750,100.00,0.05000,323
1061,190.950,100.00,0.05000,323
1062,180.450,100.00,0.05000,323
1063,186.150,100.00,0.05000,323
1064,179.800,100.00,0.05000,323
1065,188.000,100.00,0.05000,323
1066,178.350,100.00,0.05000,323
1067,186.000,100.00,0.05000,323
1068,184.100,100.00,0.05000,323
1069,183.550,100.00,0.05000,323
1070,189.300,100.00,0.05000,323
1071,188.300,100.00,0.05000,323
1072,179.050,100.00,0.05000,323
1073,188.800,100.00,0.05000,323
1074,178.650,100.00,0.05000,323
1075,185.200,100.00,0.05000,323
1076,184.450,100.00,0.05000,323
1077,189.150,100.00,0.05000,323
1078,168.800,100.00,0.05000,323
1079,175.550,100.00,0.05000,323
1080,177.650,100.00,0.05000,323
1081,177.000,100.00,0.05000,323
1082,174.750,100.00,0.05000,323
1083,188.200,100.00,0.05000,323
1084,177.950,100.00,0.05000,323
1085,179.900,100.00,0.05000,323
1086,185.900,100.00,0.05000,323
1087,182.600,100.00,0.05000,323
1088,177.250,100.00,0.05000,323
1089,197.200,100.00,0.05000,323
1090,175.150,100.00,0.05000,323
1091,178.550,100.00,0.05000,323
1092,185.150,100.00,0.05000,323
1093,185.250,100.00,0.05000,323
1094,176.350,100.00,0.05000,323
1095,176.300,100.00,0.05000,323
1096,172.950,100.00,0.05000,323
1097,169.550,100.00,0.05000,323
1098,193.400,100.00,0.05000,323
1099,174.750,100.00,0.05000,323
1100,177.250,100.00,0.05000,323
1101,183.600,100.00,0.05000,323
1102,181.850,100.00,0.05000,323
1103,178.650,100.00,0.05000,323
1104,186.850,100.00,0.05000,323
1105,167.350,100.00,0.05000,323
1106,174.800,100.00,0.05000,323
1107,169.700,100.00,0.05000,323
1108,189.450,100.00,0.05000,323
1109,186.050,100.00,0.05000,323
1110,175.700,100.00,0.05000,323
1111,185.350,100.00,0.05000,323
1112,174.950,100.00,0.05000,323
1113,185.100,100.00,0.05000,323
1114,176.600,100.00,0.05000,323
1115,177.550,100.00,0.05000,323
1116,184.000,100.00,0.05000,323
1117,185.550,100.00,0.05000,323
1118,181.350,100.00,0.05000,323
1119,181.650,100.00,0.05000,323
1120,183.750,100.00,0.05000,323
1121,191.350,100.00,0.05000,323
1122,189.000,100.00,0.05000,323
1123,174.400,100.00,0.05000,323
1124,185.050,100.00,0.05000,323
1125,183.800,100.00,0.05000,323
1126,177.900,100.00,0.05000,323
1127,170.450,100.00,0.05000,323
1128,179.050,100.00,0.05000,323
1129,173.300,100.00,0.05000,323
1130,170.100,100.00,0.05000,323
1131,172.350,100.00,0.05000,323
1132,181.000,100.00,0.05000,323
1133,169.900,100.00,0.05000,323
1134,194.150,100.00,0.05000,323
1135,186.550,100.00,0.05000,323
1136,186.750,100.00,0.05000,323
1137,171.650,100.00,0.05000,323
1138,185.000,100.00,0.05000,323
1139,193.350,100.00,0.05000,323
1140,179.150,100.00,0.05000,323
1141,194.500,100.00,0.05000,323
1142,180.800,100.00,0.05000,323
1143,180.050,100.00,0.05000,323
1144,176.000,100.00,0.05000,323
1145,169.800,100.00,0.05000,323
1146,176.800,100.00,0.05000,323
1147,182.200,100.00,0.05000,323
1148,179.900,100.00,0.05000,323
1149,175.300,100.00,0.05000,323
1150,186.650,100.00,0.05000,323
1151,175.900,100.00,0.05000,323
1152,179.650,100.00,0.05000,323
1153,177.050,100.00,0.05000,323
1154,179.250,100.00,0.05000,323
1155,163.450,100.00,0.05000,323
1156,187.700,100.00,0.05000,323
1157,191.450,100.00,0.05000,323
1158,171.850,100.00,0.05000,323
1159,178.550,100.00,0.05000,323
1160,187.950,100.00,0.05000,323
1161,181.050,100.00,0.05000,323
1162,182.250,100.00,0.05000,323
1163,185.250,100.00,0.05000,323
1164,189.550,100.00,0.05000,323
1165,190.750,100.00,0.05000,323
1166,179.200,100.00,0.05000,323
1167,189.400,100.00,0.05000,323
1168,187.400,100.00,0.05000,323
1169,190.650,100.00,0.05000,323
1170,176.050,100.00,0.05000,323
1171,176.850,100.00,0.05000,323
1172,187.400,100.00,0.05000,323
1173,180.050,100.00,0.05000,323
1174,178.050,100.00,0.05000,323
1175,167.150,100.00,0.05000,323
1176,177.950,100.00,0.05000,323
1177,182.350,100.00,0.05000,323
1178,180.800,100.00,0.05000,323
1179,177.450,100.00,0.05000,323
1180,176.850,100.00,0.05000,323
1181,185.850,100.00,0.05000,323
1182,183.850,100.00,0.05000,323
1183,177.500,100.00,0.05000,323
1184,176.950,100.00,0.05000,323
1185,169.150,100.00,0.05000,323
1186,189.050,100.00,0.05000,323
1187,181.950,100.00,0.05000,323
1188,176.700,100.00,0.05000,323
1189,190.950,100.00,0.05000,323
1190,182.850,100.00,0.05000,323
1191,178.300,100.00,0.05000,323
1192,184.700,100.00,0.05000,323
1193,174.650,100.00,0.05000,323
1194,176.750,100.00,0.05000,323
1195,183.500,100.00,0.05000,323
1196,189.050,100.00,0.05000,323
1197,186.900,100.00,0.05000,323
1198,176.150,100.00,0.05000,323
1199,193.000,100.00,0.05000,323
1200,199.450,100.00,0.05000,323
1201,185.500,100.00,0.05000,323
1202,182.450,100.00,0.05000,323
1203,185.900,100.00,0.05000,323
1204,180.450,100.00,0.05000,323
1205,184.300,100.00,0.05000,323
1206,187.750,100.00,0.05000,323
1207,184.100,100.00,0.05000,323
1208,188.900,100.00,0.05000,323
1209,179.800,100.00,0.05000,323
1210,190.700,100.00,0.05000,323
1211,197.950,100.00,0.05000,323
1212,172.150,100.00,0.05000,323
1213,176.250,100.00,0.05000,323
1214,192.050,100.00,0.05000,323
1215,179.300,100.00,0.05000,323
1216,190.050,100.00,0.05000,323
1217,177.750,100.00,0.05000,323
1218,178.100,100.00,0.05000,323
1219,178.350,100.00,0.05000,323
1220,183.900,100.00,0.05000,323
1221,170.000,100.00,0.05000,323
1222,184.150,100.00,0.05000,323
1223,181.350,100.00,0.05000,323
1224,174.600,100.00,0.05000,323
1225,189.600,100.00,0.05000,323
1226,189.700,100.00,0.05000,323
1227,181.650,100.00,0.05000,323
1228,177.200,100.00,0.05000,323
1229,180.300,100.00,0.05000,323
1230,186.350,100.00,0.05000,323
1231,179.150,100.00,0.05000,323
1232,177.100,100.00,0.05000,323
1233,193.300,100.00,0.05000,323
1234,181.800,100.00,0.05000,323
1235,181.200,100.00,0.05000,323
1236,183.000,100.00,0.05000,323
1237,190.750,100.00,0.05000,323
1238,183.550,100.00,0.05000,323
1239,189.350,100.00,0.05000,323
1240,181.000,100.00,0.05000,323
1241,179.150,100.00,0.05000,323
1242,185.550,100.00,0.05000,323
1243,186.250,100.00,0.05000,323
1244,176.550,100.00,0.05000,323
1245,182.150,100.00,0.05000,323
1246,182.950,100.00,0.05000,323
1247,180.550,100.00,0.05000,323
1248,187.700,100.00,0.05000,323
1249,190.400,100.00,0.05000,323
1250,188.500,100.00,0.05000,323
1251,188.400,100.00,0.05000,323
1252,192.950,100.00,0.05000,323
1253,173.050,100.00,0.05000,323
1254,184.350,100.00,0.05000,323
1255,177.950,100.00,0.05000,323
1256,175.700,100.00,0.05000,323
1257,180.650,100.00,0.05000,323
1258,189.600,100.00,0.05000,323
1259,175.200,100.00,0.05000,323
1260,182.350,100.00,0.05000,323
1261,188.400,100.00,0.05000,323
1262,192.600,100.00,0.05000,323
1263,187.350,100.00,0.05000,323
1264,186.400,100.00,0.05000,323
1265,182.450,100.00,0.05000,323
1266,184.300,100.00,0.05000,323
1267,178.350,100.00,0.05000,323
1268,180.900,100.00,0.05000,323
1269,183.300,100.00,0.05000,323
1270,182.850,100.00,0.05000,323
1271,176.600,100.00,0.05000,323
1272,181.000,100.00,0.05000,323
1273,183.550,100.00,0.05000,323
1274,190.650,100.00,0.05000,323
1275,189.550,100.00,0.05000,323
1276,182.900,100.00,0.05000,323
1277,182.600,100.00,0.05000,323
1278,186.900,100.00,0.05000,323
1279,169.050,100.00,0.05000,323
1280,178.850,100.00,0.05000,323
1281,190.950,100.00,0.05000,323
1282,175.650,100.00,0.05000,323
1283,172.150,100.00,0.05000,323
1284,180.750,100.00,0.05000,323
1285,193.150,100.00,0.05000,323
1286,180.500,100.00,0.05000,323
1287,186.200,100.00,0.05000,323
1288,174.300,100.00,0.05000,323
1289,186.650,100.00,0.05000,323
1290,185.250,100.00,0.05000,323
1291,180.050,100.00,0.05000,323
1292,182.900,100.00,0.05000,323
1293,181.850,100.00,0.05000,323
1294,178.450,100.00,0.05000,323
1295,182.400,100.00,0.05000,323
1296,185.550,100.00,0.05000,323
1297,187.100,100.00,0.05000,323
1298,183.400,100.00,0.05000,323
1299,180.050,100.00,0.05000,323
1300,180.850,100.00,0.05000,323
1301,179.250,100.00,0.05000,323
1302,179.150,100.00,0.05000,323
1303,191.350,100.00,0.05000,323
1304,181.850,100.00,0.05000,323
1305,173.350,100.00,0.05000,323
1306,181.200,100.00,0.05000,323
1307,164.950,100.00,0.05000,323
1308,168.950,100.00,0.05000,323
1309,177.200,100.00,0.05000,323
1310,182.500,100.00,0.05000,323
1311,181.000,100.00,0.05000,323
1312,191.450,100.00,0.05000,323
1313,182.450,100.00,0.05000,323
1314,186.450,100.00,0.05000,323
1315,186.900,100.00,0.05000,323
1316,181.000,100.00,0.05000,323
1317,175.950,100.00,0.05000,323
1318,186.800,100.00,0.05000,323
1319,183.700,100.00,0.05000,323
1320,184.850,100.00,0.05000,323
1321,190.950,100.00,0.05000,323
1322,186.400,100.00,0.05000,323
1323,191.250,100.00,0.05000,323
1324,192.950,100.00,0.05000,323
1325,192.800,100.00,0.05000,323
1326,186.700,100.00,0.05000,323
1327,182.100,100.00,0.05000,323
1328,179.300,100.00,0.05000,323
1329,192.550,100.00,0.05000,323
1330,190.400,100.00,0.05000,323
1331,181.500,100.00,0.05000,323
1332,185.700,100.00,0.05000,323
1333,176.750,100.00,0.05000,323
1334,179.650,100.00,0.05000,323
1335,179.250,100.00,0.05000,323
1336,192.200,100.00,0.05000,323
1337,171.950,100.00,0.05000,323
1338,186.550,100.00,0.05000,323
1339,181.900,100.00,0.05000,323
1340,177.950,100.00,0.05000,323
1341,176.800,100.00,0.05000,323
1342,190.050,100.00,0.05000,323
1343,182.900,100.00,0.05000,323
1344,178.350,100.00,0.05000,323
1345,176.950,100.00,0.05000,323
1346,176.050,100.00,0.05000,323
1347,180.100,100.00,0.05000,323
1348,178.300,100.00,0.05000,323
1349,180.900,100.00,0.05000,323
1350,182.950,100.00,0.05000,323
1351,190.350,100.00,0.05000,323
1352,178.600,100.00,0.05000,323
1353,184.400,100.00,0.05000,323
1354,178.250,100.00,0.05000,323
1355,183.950,100.00,0.05000,323
1356,178.350,100.00,0.05000,323
1357,180.150,100.00,0.05000,323
1358,181.250,100.00,0.05000,323
1359,176.850,100.00,0.05000,323
1360,183.800,100.00,0.05000,323
1361,183.750,100.00,0.05000,323
1362,183.750,100.00,0.05000,323
1363,177.300,100.00,0.05000,323
1364,178.050,100.00,0.05000,323
1365,178.800,100.00,0.05000,323
1366,180.050,100.00,0.05000,323
1367,179.450,100.00,0.05000,323
1368,182.200,100.00,0.05000,323
1369,174.100,100.00,0.05000,323
1370,173.650,100.00,0.05000,323
1371,182.200,100.00,0.05000,323
1372,185.950,100.00,0.05000,323
1373,194.150,100.00,0.05000,323
1374,183.900,100.00,0.05000,323
1375,178.150,100.00,0.05000,323
1376,184.450,100.00,0.05000,323
1377,179.050,100.00,0.05000,323
1378,184.250,100.00,0.05000,323
1379,191.400,100.00,0.05000,323
1380,189.550,100.00,0.05000,323
1381,186.400,100.00,0.05000,323
1382,179.700,100.00,0.05000,323
1383,165.400,100.00,0.05000,323
1384,185.100,100.00,0.05000,323
1385,187.350,100.00,0.05000,323
1386,174.600,100.00,0.05000,323
1387,177.950,100.00,0.05000,323
1388,186.350,100.00,0.05000,323
1389,179.250,100.00,0.05000,323
1390,181.000,100.00,0.05000,323
1391,177.700,100.00,0.05000,323
1392,179.400,100.00,0.05000,323
1393,180.450,100.00,0.05000,323
1394,173.000,100.00,0.05000,323
1395,175.950,100.00,0.05000,323
1396,192.600,100.00,0.05000,323
1397,184.450,100.00,0.05000,323
1398,198.600,100.00,0.05000,323
1399,185.050,100.00,0.05000,323
1400,181.050,100.00,0.05000,323
1401,196.600,100.00,0.05000,323
1402,181.450,100.00,0.05000,323
1403,181.450,100.00,0.05000,323
1404,175.550,100.00,0.05000,323
1405,169.900,100.00,0.05000,323
1406,180.200,100.00,0.05000,323
1407,186.350,100.00,0.05000,323
1408,171.200,100.00,0.05000,323
1409,182.350,100.00,0.05000,323
1410,174.950,100.00,0.05000,323
1411,185.300,100.00,0.05000,323
1412,184.400,100.00,0.05000,323
1413,184.100,100.00,0.05000,323
1414,178.950,100.00,0.05000,323
1415,183.050,100.00,0.05000,323
1416,185.900,100.00,0.05000,323
1417,189.450,100.00,0.05000,323
1418,178.350,100.00,0.05000,323
1419,182.750,100.00,0.05000,323
1420,184.950,100.00,0.05000,323
1421,185.350,100.00,0.05000,323
1422,185.500,100.00,0.05000,323
1423,174.750,100.00,0.05000,323
1424,191.400,100.00,0.05000,323
1425,181.950,100.00,0.05000,323
1426,181.550,100.00,0.05000,323
1427,174.450,100.00,0.05000,323
1428,169.150,100.00,0.05000,323
1429,171.450,100.00,0.05000,323
1430,175.350,100.00,0.05000,323
1431,180.750,100.00,0.05000,323
1432,168.500,100.00,0.05000,323
1433,177.150,100.00,0.05000,323
1434,191.050,100.00,0.05000,323
1435,181.600,100.00,0.05000,323
1436,181.600,100.00,0.05000,323
1437,187.050,100.00,0.05000,323
1438,174.600,100.00,0.05000,323
1439,196.850,100.00,0.05000,323
1440,181.450,100.00,0.05000,323
1441,182.250,100.00,0.05000,323
1442,181.000,100.00,0.05000,323
1443,179.350,100.00,0.05000,323
1444,174.500,100.00,0.05000,323
1445,186.000,100.00,0.05000,323
1446,185.350,100.00,0.05000,323
1447,179.650,100.00,0.05000,323
1448,184.600,100.00,0.05000,323
1449,193.250,100.00,0.05000,323
1450,184.650,100.00,0.05000,323
1451,175.900,100.00,0.05000,323
1452,182.700,100.00,0.05000,323
1453,184.000,100.00,0.05000,323
1454,184.100,100.00,0.05000,323
1455,192.300,100.00,0.05000,323
1456,175.050,100.00,0.05000,323
1457,175.000,100.00,0.05000,323
1458,178.500,100.00,0.05000,323
1459,175.850,100.00,0.05000,323
1460,195.650,100.00,0.05000,323
1461,182.900,100.00,0.05000,323
1462,191.200,100.00,0.05000,323
1463,189.250,100.00,0.05000,323
1464,178.550,100.00,0.05000,323
1465,174.550,100.00,0.05000,323
1466,177.850,100.00,0.05000,323
1467,183.850,100.00,0.05000,323
1468,183.550,100.00,0.05000,323
1469,186.750,100.00,0.05000,323
1470,184.300,100.00,0.05000,323
1471,184.900,100.00,0.05000,323
1472,189.150,100.00,0.05000,323
1473,180.600,100.00,0.05000,323
1474,185.000,100.00,0.05000,323
1475,187.750,100.00,0.05000,323
1476,183.950,100.00,0.05000,323
1477,189.450,100.00,0.05000,323
1478,183.150,100.00,0.05000,323
1479,175.300,100.00,0.05000,323
1480,157.200,100.00,0.05000,323
1481,185.850,100.00,0.05000,323
1482,191.100,100.00,0.05000,323
1483,192.250,100.00,0.05000,323
1484,185.550,100.00,0.05000,323
1485,189.900,100.00,0.05000,323
1486,172.350,100.00,0.05000,323
1487,183.750,100.00,0.05000,323
1488,180.400,100.00,0.05000,323
1489,180.050,100.00,0.05000,323
1490,182.400,100.00,0.05000,323
1491,189.300,100.00,0.05000,323
1492,186.000,100.00,0.05000,323
1493,178.900,100.00,0.05000,323
1494,186.200,100.00,0.05000,323
1495,183.050,100.00,0.05000,323
1496,180.100,100.00,0.05000,323
1497,191.050,100.00,0.05000,323
1498,194.450,100.00,0.05000,323
1499,186.150,100.00,0.05000,323
1500,180.050,100.00,0.05000,323
1501,175.100,100.00,0.05000,323
1502,180.600,100.00,0.05000,323
1503,185.400,100.00,0.05000,323
1504,185.050,100.00,0.05000,323
1505,195.250,100.00,0.05000,323
1506,179.250,100.00,0.05000,323
1507,192.500,100.00,0.05000,323
1508,170.150,100.00,0.05000,323
1509,180.100,100.00,0.05000,323
1510,183.350,100.00,0.05000,323
1511,177.000,100.00,0.05000,323
1512,178.500,100.00,0.05000,323
1513,185.550,100.00,0.05000,323
1514,183.050,100.00,0.05000,323
1515,174.350,100.00,0.05000,323
1516,172.850,100.00,0.05000,323
1517,179.750,100.00,0.05000,323
1518,180.100,100.00,0.05000,323
1519,193.500,100.00,0.05000,323
1520,184.000,100.00,0.05000,323
1521,168.050,100.00,0.05000,323
1522,186.300,100.00,0.05000,323
1523,188.150,100.00,0.05000,323
1524,183.250,100.00,0.05000,323
1525,189.200,100.00,0.05000,323
1526,188.850,100.00,0.05000,323
1527,181.650,100.00,0.05000,323
1528,171.000,100.00,0.05000,323
1529,184.700,100.00,0.05000,323
1530,184.850,100.00,0.05000,323
1531,181.850,100.00,0.05000,323
1532,175.550,100.00,0.05000,323
1533,183.650,100.00,0.05000,323
1534,185.750,100.00,0.05000,323
1535,176.700,100.00,0.05000,323
1536,196.250,100.00,0.05000,323
1537,171.700,100.00,0.05000,323
1538,176.550,100.00,0.05000,323
1539,185.200,100.00,0.05000,323
1540,182.650,100.00,0.05000,323
1541,178.150,100.00,0.05000,323
1542,195.150,100.00,0.05000,323
1543,179.400,100.00,0.05000,323
1544,191.050,100.00,0.05000,323
1545,174.550,100.00,0.05000,323
1546,169.450,100.00,0.05000,323
1547,180.450,100.00,0.05000,323
1548,191.800,100.00,0.05000,323
1549,182.850,100.00,0.05000,323
1550,178.100,100.00,0.05000,323
1551,180.250,100.00,0.05000,323
1552,186.350,100.00,0.05000,323
1553,178.250,100.00,0.05000,323
1554,177.150,100.00,0.05000,323
1555,191.850,100.00,0.05000,323
1556,177.250,100.00,0.05000,323
1557,186.750,100.00,0.05000,323
1558,180.950,100.00,0.05000,323
1559,187.900,100.00,0.05000,323
1560,191.650,100.00,0.05000,323
1561,185.700,100.00,0.05000,323
1562,182.750,100.00,0.05000,323
1563,177.050,100.00,0.05000,323
1564,180.500,100.00,0.05000,323
1565,176.850,100.00,0.05000,323
1566,176.200,100.00,0.05000,323
1567,190.900,100.00,0.05000,323
1568,175.250,100.00,0.05000,323
1569,181.600,100.00,0.05000,323
1570,175.450,100.00,0.05000,323
1571,180.550,100.00,0.05000,323
1572,181.900,100.00,0.05000,323
1573,175.900,100.00,0.05000,323
1574,191.700,100.00,0.05000,323
1575,177.000,100.00,0.05000,323
1576,187.050,100.00,0.05000,323
1577,173.600,100.00,0.05000,323
1578,180.100,100.00,0.05000,323
1579,175.400,100.00,0.05000,323
1580,192.700,100.00,0.05000,323
1581,192.800,100.00,0.05000,323
1582,187.850,100.00,0.05000,323
1583,190.950,100.00,0.05000,323
1584,171.450,100.00,0.05000,323
1585,180.400,100.00,0.05000,323
1586,182.150,100.00,0.05000,323
1587,173.900,100.00,0.05000,323
1588,173.850,100.00,0.05000,323
1589,181.750,100.00,0.05000,323
1590,164.200,100.00,0.05000,323
1591,177.150,100.00,0.05000,323
1592,179.150,100.00,0.05000,323
1593,184.500,100.00,0.05000,323
1594,179.450,100.00,0.05000,323
1595,183.000,100.00,0.05000,323
1596,170.550,100.00,0.05000,323
1597,183.600,100.00,0.05000,323
1598,173.150,100.00,0.05000,323
1599,187.700,100.00,0.05000,323
1600,183.750,100.00,0.05000,323
1601,167.400,100.00,0.05000,323
1602,186.900,100.00,0.05000,323
1603,185.250,100.00,0.05000,323
1604,193.400,100.00,0.05000,323
1605,182.750,100.00,0.05000,323
1606,180.050,100.00,0.05000,323
1607,193.850,100.00,0.05000,323
1608,184.150,100.00,0.05000,323
1609,177.850,100.00,0.05000,323
1610,178.750,100.00,0.05000,323
1611,184.050,100.00,0.05000,323
1612,184.900,100.00,0.05000,323
1613,188.350,100.00,0.05000,323
1614,191.750,100.00,0.05000,323
1615,179.000,100.00,0.05000,323
1616,174.050,100.00,0.05000,323
1617,173.000,100.00,0.05000,323
1618,182.950,100.00,0.05000,323
1619,186.200,100.00,0.05000,323
1620,178.150,100.00,0.05000,323
1621,173.100,100.00,0.05000,323
1622,175.450,100.00,0.05000,323
1623,199.500,100.00,0.05000,323
1624,185.500,100.00,0.05000,323
1625,187.450,100.00,0.05000,323
1626,183.900,100.00,0.05000,323
1627,186.450,100.00,0.05000,323
1628,179.000,100.00,0.05000,323
1629,187.350,100.00,0.05000,323
1630,178.650,100.00,0.05000,323
1631,181.200,100.00,0.05000,323
1632,185.300,100.00,0.05000,323
1633,187.400,100.00,0.05000,323
1634,182.350,100.00,0.05000,323
1635,199.000,100.00,0.05000,323
1636,180.600,100.00,0.05000,323
1637,174.400,100.00,0.05000,323
1638,175.750,100.00,0.05000,323
1639,180.500,100.00,0.05000,323
1640,182.650,100.00,0.05000,323
1641,181.750,100.00,0.05000,323
1642,185.200,100.00,0.05000,323
1643,178.000,100.00,0.05000,323
1644,171.100,100.00,0.05000,323
1645,178.750,100.00,0.05000,323
1646,190.050,100.00,0.05000,323
1647,191.700,100.00,0.05000,323
1648,182.200,100.00,0.05000,323
1649,168.850,100.00,0.05000,323
1650,183.400,100.00,0.05000,323
1651,173.800,100.00,0.05000,323
1652,177.600,100.00,0.05000,323
1653,185.800,100.00,0.05000,323
1654,183.800,100.00,0.05000,323
1655,176.650,100.00,0.05000,323
1656,183.000,100.00,0.05000,323
1657,180.100,100.00,0.05000,323
1658,189.000,100.00,0.05000,323
1659,176.950,100.00,0.05000,323
1660,185.600,100.00,0.05000,323
1661,178.400,100.00,0.05000,323
1662,179.700,100.00,0.05000,323
1663,181.850,100.00,0.05000,323
1664,178.100,100.00,0.05000,323
1665,184.000,100.00,0.05000,323
1666,177.450,100.00,0.05000,323
1667,179.700,100.00,0.05000,323
1668,189.900,100.00,0.05000,323
1669,175.950,100.00,0.05000,323
1670,190.900,100.00,0.05000,323
1671,176.200,100.00,0.05000,323
1672,192.250,100.00,0.05000,323
1673,188.300,100.00,0.05000,323
1674,186.650,100.00,0.05000,323
1675,188.350,100.00,0.05000,323
1676,182.900,100.00,0.05000,323
1677,186.700,100.00,0.05000,323
1678,167.400,100.00,0.05000,323
1679,178.400,100.00,0.05000,323
1680,195.150,100.00,0.05000,323
1681,188.650,100.00,0.05000,323
1682,184.700,100.00,0.05000,323
1683,175.850,100.00,0.05000,323
1684,183.000,100.00,0.05000,323
1685,189.950,100.00,0.05000,323
1686,173.000,100.00,0.05000,323
1687,173.050,100.00,0.05000,323
1688,174.800,100.00,0.05000,323
1689,190.650,100.00,0.05000,323
1690,188.350,100.00,0.05000,323
1691,181.750,100.00,0.05000,323
1692,182.700,100.00,0.05000,323
1693,179.950,100.00,0.05000,323
1694,185.550,100.00,0.05000,323
1695,184.400,100.00,0.05000,323
1696,185.500,100.00,0.05000,323
1697,187.200,100.00,0.05000,323
1698,177.050,100.00,0.05000,323
1699,178.750,100.00,0.05000,323
1700,183.000,100.00,0.05000,323
1701,181.800,100.00,0.05000,323
1702,186.650,100.00,0.05000,323
1703,186.050,100.00,0.05000,323
1704,176.600,100.00,0.05000,323
1705,190.600,100.00,0.05000,323
1706,183.200,100.00,0.05000,323
1707,191.350,100.00,0.05000,323
1708,197.350,100.00,0.05000,323
1709,193.700,100.00,0.05000,323
1710,173.450,100.00,0.05000,323
1711,187.750,100.00,0.05000,323
1712,185.500,100.00,0.05000,323
1713,180.500,100.00,0.05000,323
1714,188.500,100.00,0.05000,323
1715,182.600,100.00,0.05000,323
1716,186.050,100.00,0.05000,323
1717,189.650,100.00,0.05000,323
1718,174.400,100.00,0.05000,323
1719,182.500,100.00,0.05000,323
1720,182.350,100.00,0.05000,323
1721,187.750,100.00,0.05000,323
1722,185.100,100.00,0.05000,323
1723,179.550,100.00,0.05000,323
1724,180.800,100.00,0.05000,323
1725,175.300,100.00,0.05000,323
1726,176.150,100.00,0.05000,323
1727,186.000,100.00,0.05000,323
1728,181.150,100.00,0.05000,323
1729,183.750,100.00,0.05000,323
1730,183.050,100.00,0.05000,323
1731,174.900,100.00,0.05000,323
1732,179.950,100.00,0.05000,323
1733,189.250,100.00,0.05000,323
1734,190.400,100.00,0.05000,323
1735,186.300,100.00,0.05000,323
1736,178.850,100.00,0.05000,323
1737,188.350,100.00,0.05000,323
1738,189.800,100.00,0.05000,323
1739,181.750,100.00,0.05000,323
1740,175.400,100.00,0.05000,323
1741,182.000,100.00,0.05000,323
1742,173.350,100.00,0.05000,323
1743,171.100,100.00,0.05000,323
1744,185.500,100.00,0.05000,323
1745,181.100,100.00,0.05000,323
1746,186.650,100.00,0.05000,323
1747,177.300,100.00,0.05000,323
1748,179.550,100.00,0.05000,323
1749,189.050,100.00,0.05000,323
1750,176.200,100.00,0.05000,323
1751,186.900,100.00,0.05000,323
1752,181.100,100.00,0.05000,323
1753,178.650,100.00,0.05000,323
1754,161.550,100.00,0.05000,323
1755,174.500,100.00,0.05000,323
1756,184.150,100.00,0.05000,323
1757,185.500,100.00,0.05000,323
1758,190.400,100.00,0.05000,323
1759,195.400,100.00,0.05000,323
1760,193.500,100.00,0.05000,323
1761,175.450,100.00,0.05000,323
1762,178.350,100.00,0.05000,323
1763,181.100,100.00,0.05000,323
1764,183.500,100.00,0.05000,323
1765,180.050,100.00,0.05000,323
1766,179.900,100.00,0.05000,323
1767,188.150,100.00,0.05000,323
1768,180.750,100.00,0.05000,323
1769,172.100,100.00,0.05000,323
1770,188.650,100.00,0.05000,323
1771,186.600,100.00,0.05000,323
1772,186.650,100.00,0.05000,323
1773,182.800,100.00,0.05000,323
1774,188.200,100.00,0.05000,323
1775,186.200,100.00,0.05000,323
1776,180.900,100.00,0.05000,323
1777,168.050,100.00,0.05000,323
1778,186.300,100.00,0.05000,323
1779,181.200,100.00,0.05000,323
1780,185.700,100.00,0.05000,323
1781,176.900,100.00,0.05000,323
1782,177.500,100.00,0.05000,323
1783,180.450,100.00,0.05000,323
1784,183.350,100.00,0.05000,323
1785,176.550,100.00,0.05000,323
1786,172.950,100.00,0.05000,323
1787,184.800,100.00,0.05000,323
1788,176.800,100.00,0.05000,323
1789,168.050,100.00,0.05000,323
1790,178.700,100.00,0.05000,323
1791,179.700,100.00,0.05000,323
1792,175.200,100.00,0.05000,323
1793,184.850,100.00,0.05000,323
1794,187.050,100.00,0.05000,323
1795,169.050,100.00,0.05000,323
1796,188.600,100.00,0.05000,323
1797,181.200,100.00,0.05000,323
1798,193.150,100.00,0.05000,323
1799,178.850,100.00,0.05000,323
1800,186.500,100.00,0.05000,323
1801,171.800,100.00,0.05000,323
1802,177.100,100.00,0.05000,323
1803,188.150,100.00,0.05000,323
1804,183.950,100.00,0.05000,323
1805,168.400,100.00,0.05000,323
1806,186.000,100.00,0.05000,323
1807,184.750,100.00,0.05000,323
1808,185.400,100.00,0.05000,323
1809,198.250,100.00,0.05000,323
1810,175.650,100.00,0.05000,323
1811,178.250,100.00,0.05000,323
1812,191.450,100.00,0.05000,323
1813,183.750,100.00,0.05000,323
1814,185.950,100.00,0.05000,323
1815,174.200,100.00,0.05000,323
1816,184.850,100.00,0.05000,323
1817,181.800,100.00,0.05000,323
1818,170.200,100.00,0.05000,323
1819,192.350,100.00,0.05000,323
1820,174.800,100.00,0.05000,323
1821,174.600,100.00,0.05000,323
1822,194.150,100.00,0.05000,323
1823,183.250,100.00,0.05000,323
1824,183.850,100.00,0.05000,323
1825,181.250,100.00,0.05000,323
1826,180.100,100.00,0.05000,323
1827,183.200,100.00,0.05000,323
1828,178.900,100.00,0.05000,323
1829,168.250,100.00,0.05000,323
1830,189.450,100.00,0.05000,323
1831,185.950,100.00,0.05000,323
1832,179.500,100.00,0.05000,323
1833,179.900,100.00,0.05000,323
1834,183.950,100.00,0.05000,323
1835,188.750,100.00,0.05000,323
1836,182.650,100.00,0.05000,323
1837,175.750,100.00,0.05000,323
1838,178.900,100.00,0.05000,323
1839,187.150,100.00,0.05000,323
1840,190.200,100.00,0.05000,323
1841,169.050,100.00,0.05000,323
1842,179.700,100.00,0.05000,323
1843,173.100,100.00,0.05000,323
1844,191.700,100.00,0.05000,323
1845,177.400,100.00,0.05000,323
1846,184.250,100.00,0.05000,323
1847,178.700,100.00,0.05000,323
1848,165.250,100.00,0.05000,323
1849,178.800,100.00,0.05000,323
1850,180.950,100.00,0.05000,323
1851,187.900,100.00,0.05000,323
1852,170.950,100.00,0.05000,323
1853,182.000,100.00,0.05000,323
1854,186.900,100.00,0.05000,323
1855,186.250,100.00,0.05000,323
1856,192.600,100.00,0.05000,323
1857,174.400,100.00,0.05000,323
1858,183.250,100.00,0.05000,323
1859,171.850,100.00,0.05000,323
1860,180.600,100.00,0.05000,323
1861,178.300,100.00,0.05000,323
1862,190.600,100.00,0.05000,323
1863,186.250,100.00,0.05000,323
1864,172.550,100.00,0.05000,323
1865,181.550,100.00,0.05000,323
1866,184.450,100.00,0.05000,323
1867,187.550,100.00,0.05000,323
1868,185.950,100.00,0.05000,323
1869,185.100,100.00,0.05000,323
1870,190.750,100.00,0.05000,323
1871,188.200,100.00,0.05000,323
1872,170.850,100.00,0.05000,323
1873,182.800,100.00,0.05000,323
1874,189.100,100.00,0.05000,323
1875,187.000,100.00,0.05000,323
1876,183.650,100.00,0.05000,323
1877,175.100,100.00,0.05000,323
1878,182.650,100.00,0.05000,323
1879,170.550,100.00,0.05000,323
1880,184.300,100.00,0.05000,323
1881,182.500,100.00,0.05000,323
1882,189.050,100.00,0.05000,323
1883,179.150,100.00,0.05000,323
1884,185.150,100.00,0.05000,323
1885,185.150,100.00,0.05000,323
1886,182.000,100.00,0.05000,323
1887,194.550,100.00,0.05000,323
1888,169.250,100.00,0.05000,323
1889,167.600,100.00,0.05000,323
1890,177.850,100.00,0.05000,323
1891,197.300,100.00,0.05000,323
1892,175.750,100.00,0.05000,323
1893,190.150,100.00,0.05000,323
1894,182.750,100.00,0.05000,323
1895,166.050,100.00,0.05000,323
1896,176.700,100.00,0.05000,323
1897,169.250,100.00,0.05000,323
1898,189.350,100.00,0.05000,323
1899,172.050,100.00,0.05000,323
1900,176.900,100.00,0.05000,323
1901,171.750,100.00,0.05000,323
1902,180.100,100.00,0.05000,323
1903,182.500,100.00,0.05000,323
1904,182.850,100.00,0.05000,323
1905,187.000,100.00,0.05000,323
1906,175.800,100.00,0.05000,323
1907,175.950,100.00,0.05000,323
1908,169.350,100.00,0.05000,323
1909,178.300,100.00,0.05000,323
1910,184.700,100.00,0.05000,323
1911,187.050,100.00,0.05000,323
1912,178.750,100.00,0.05000,323
1913,196.900,100.00,0.05000,323
1914,184.800,100.00,0.05000,323
1915,192.650,100.00,0.05000,323
1916,176.550,100.00,0.05000,323
1917,180.300,100.00,0.05000,323
1918,189.250,100.00,0.05000,323
1919,184.950,100.00,0.05000,323
1920,177.050,100.00,0.05000,323
1921,187.250,100.00,0.05000,323
1922,187.050,100.00,0.05000,323
1923,176.600,100.00,0.05000,323
1924,176.100,100.00,0.05000,323
1925,184.300,100.00,0.05000,323
1926,181.450,100.00,0.05000,323
1927,189.400,100.00,0.05000,323
1928,184.200,100.00,0.05000,323
1929,178.000,100.00,0.05000,323
1930,183.250,100.00,0.05000,323
1931,189.550,100.00,0.05000,323
1932,176.700,100.00,0.05000,323
1933,182.900,100.00,0.05000,323
1934,186.500,100.00,0.05000,323
1935,180.250,100.00,0.05000,323
1936,178.900,100.00,0.05000,323
1937,181.500,100.00,0.05000,323
1938,185.600,100.00,0.05000,323
1939,165.400,100.00,0.05000,323
1940,190.750,100.00,0.05000,323
1941,187.150,100.00,0.05000,323
1942,181.250,100.00,0.05000,323
1943,189.150,100.00,0.05000,323
1944,178.650,100.00,0.05000,323
1945,184.350,100.00,0.05000,323
1946,178.300,100.00,0.05000,323
1947,184.100,100.00,0.05000,323
1948,183.150,100.00,0.05000,323
1949,184.150,100.00,0.05000,323
1950,174.250,100.00,0.05000,323
1951,174.200,100.00,0.05000,323
1952,174.400,100.00,0.05000,323
1953,185.700,100.00,0.05000,323
1954,174.850,100.00,0.05000,323
1955,202.650,100.00,0.05000,323
1956,162.950,100.00,0.05000,323
1957,175.050,100.00,0.05000,323
1958,175.800,100.00,0.05000,323
1959,174.350,100.00,0.05000,323
1960,180.750,100.00,0.05000,323
1961,179.950,100.00,0.05000,323
1962,185.000,100.00,0.05000,323
1963,177.450,100.00,0.05000,323
1964,181.450,100.00,0.05000,323
1965,182.500,100.00,0.05000,323
1966,194.550,100.00,0.05000,323
1967,174.550,100.00,0.05000,323
1968,173.550,100.00,0.05000,323
1969,176.950,100.00,0.05000,323
1970,187.100,100.00,0.05000,323
1971,179.950,100.00,0.05000,323
1972,180.800,100.00,0.05000,323
1973,166.850,100.00,0.05000,323
1974,183.700,100.00,0.05000,323
1975,172.250,100.00,0.05000,323
1976,178.500,100.00,0.05000,323
1977,177.650,100.00,0.05000,323
1978,183.850,100.00,0.05000,323
1979,169.250,100.00,0.05000,323
1980,183.000,100.00,0.05000,323
1981,188.000,100.00,0.05000,323
1982,181.400,100.00,0.05000,323
1983,189.200,100.00,0.05000,323
1984,189.450,100.00,0.05000,323
1985,183.350,100.00,0.05000,323
1986,189.650,100.00,0.05000,323
1987,178.350,100.00,0.05000,323
1988,182.950,100.00,0.05000,323
1989,186.000,100.00,0.05000,323
1990,183.000,100.00,0.05000,323
1991,174.000,100.00,0.05000,323
1992,179.250,100.00,0.05000,323
1993,179.750,100.00,0.05000,323
1994,163.700,100.00,0.05000,323
1995,182.700,100.00,0.05000,323
1996,172.850,100.00,0.05000,323
1997,183.250,100.00,0.05000,323
1998,179.700,100.00,0.05000,323
1999,184.950,100.00,0.05000,323
2000,172.400,100.00,0.05000,323
2001,177.150,100.00,0.05000,323
2002,174.150,100.00,0.05000,323
2003,179.500,100.00,0.05000,323
2004,180.900,100.00,0.05000,323
2005,180.350,100.00,0.05000,323
2006,188.700,100.00,0.05000,323
2007,188.000,100.00,0.05000,324
2008,188.200,100.00,0.05000,324
2009,176.000,100.00,0.05000,324
2010,183.350,100.00,0.05000,324
2011,180.150,100.00,0.05000,324
2012,183.500,100.00,0.05000,324
2013,181.300,100.00,0.05000,324
2014,188.200,100.00,0.05000,324
2015,172.250,100.00,0.05000,324
2016,187.750,100.00,0.05000,324
2017,181.050,100.00,0.05000,324
2018,188.950,100.00,0.05000,324
2019,183.250,100.00,0.05000,324
2020,192.550,100.00,0.05000,324
2021,187.000,100.00,0.05000,324
2022,176.600,100.00,0.05000,324
2023,187.250,100.00,0.05000,324
2024,166.400,100.00,0.05000,324
2025,185.550,100.00,0.05000,324
2026,184.700,100.00,0.05000,324
2027,165.600,100.00,0.05000,324
2028,177.350,100.00,0.05000,324
2029,180.650,100.00,0.05000,324
2030,194.900,100.00,0.05000,324
2031,191.100,100.00,0.05000,324
2032,180.150,100.00,0.05000,324
2033,186.050,100.00,0.05000,324
2034,180.350,100.00,0.05000,324
2035,191.950,100.00,0.05000,324
2036,179.050,100.00,0.05000,324
2037,188.400,100.00,0.05000,324
2038,181.550,100.00,0.05000,324
2039,174.650,100.00,0.05000,324
2040,182.550,100.00,0.05000,324
2041,183.500,100.00,0.05000,324
2042,190.650,100.00,0.05000,324
2043,177.700,100.00,0.05000,324
2044,182.800,100.00,0.05000,324
2045,189.500,100.00,0.05000,324
2046,167.000,100.00,0.05000,324
2047,193.600,100.00,0.05000,324
2048,174.850,100.00,0.05000,324
2049,177.900,100.00,0.05000,324
2050,184.850,100.00,0.05000,324
2051,178.900,100.00,0.05000,324
2052,187.900,100.00,0.05000,324
2053,177.450,100.00,0.05000,324
2054,180.850,100.00,0.05000,324
2055,173.400,100.00,0.05000,324
2056,179.250,100.00,0.05000,324
2057,184.050,100.00,0.05000,324
2058,174.750,100.00,0.05000,324
2059,174.600,100.00,0.05000,324
2060,181.950,100.00,0.05000,324
2061,196.200,100.00,0.05000,324
2062,172.400,100.00,0.05000,324
2063,186.550,100.00,0.05000,324
2064,181.500,100.00,0.05000,324
2065,180.400,100.00,0.05000,324
2066,191.500,100.00,0.05000,324
2067,174.100,100.00,0.05000,324
2068,177.500,100.00,0.05000,324
2069,183.600,100.00,0.05000,324
2070,192.800,100.00,0.05000,324
2071,171.550,100.00,0.05000,324
2072,186.200,100.00,0.05000,324
2073,180.850,100.00,0.05000,324
2074,185.700,100.00,0.05000,324
2075,179.500,100.00,0.05000,324
2076,188.700,100.00,0.05000,324
2077,190.200,100.00,0.05000,324
2078,180.000,100.00,0.05000,324
2079,187.800,100.00,0.05000,324
2080,185.750,100.00,0.05000,324
2081,179.700,100.00,0.05000,324
2082,186.000,100.00,0.05000,324
2083,180.250,100.00,0.05000,324
2084,185.400,100.00,0.05000,324
2085,192.150,100.00,0.05000,324
2086,183.400,100.00,0.05000,324
2087,187.300,100.00,0.05000,324
2088,178.650,100.00,0.05000,324
2089,184.300,100.00,0.05000,324
2090,183.550,100.00,0.05000,324
2091,185.150,100.00,0.05000,324
2092,186.000,100.00,0.05000,324
2093,181.800,100.00,0.05000,324
2094,183.000,100.00,0.05000,324
2095,184.700,100.00,0.05000,324
2096,183.800,100.00,0.05000,324
2097,188.850,100.00,0.05000,324
2098,181.600,100.00,0.05000,324
2099,196.500,100.00,0.05000,324
2100,189.150,100.00,0.05000,324
2101,176.600,100.00,0.05000,324
2102,175.950,100.00,0.05000,324
2103,182.650,100.00,0.05000,324
2104,179.650,100.00,0.05000,324
2105,168.800,100.00,0.05000,324
2106,186.300,100.00,0.05000,324
2107,179.950,100.00,0.05000,324
2108,187.650,100.00,0.05000,324
2109,191.800,100.00,0.05000,324
2110,168.100,100.00,0.05000,324
2111,190.250,100.00,0.05000,324
2112,171.100,100.00,0.05000,324
2113,170.900,100.00,0.05000,324
2114,182.550,100.00,0.05000,324
2115,183.600,100.00,0.05000,324
2116,185.500,100.00,0.05000,324
2117,185.900,100.00,0.05000,324
2118,182.400,100.00,0.05000,324
2119,182.650,100.00,0.05000,324
2120,176.300,100.00,0.05000,324
2121,172.700,100.00,0.05000,324
2122,190.350,100.00,0.05000,324
2123,190.150,100.00,0.05000,324
2124,174.500,100.00,0.05000,324
2125,184.650,100.00,0.05000,324
2126,185.250,100.00,0.05000,324
2127,181.550,100.00,0.05000,324
2128,183.700,100.00,0.05000,324
2129,180.250,100.00,0.05000,324
2130,182.750,100.00,0.05000,324
2131,176.000,100.00,0.05000,324
2132,192.000,100.00,0.05000,324
2133,181.050,100.00,0.05000,324
2134,167.600,100.00,0.05000,324
2135,189.300,100.00,0.05000,324
2136,175.950,100.00,0.05000,324
2137,179.250,100.00,0.05000,324
2138,184.000,100.00,0.05000,324
2139,184.800,100.00,0.05000,324
2140,174.400,100.00,0.05000,324
2141,181.500,100.00,0.05000,324
2142,180.750,100.00,0.05000,324
2143,174.000,100.00,0.05000,324
2144,170.700,100.00,0.05000,324
2145,177.400,100.00,0.05000,324
2146,158.000,100.00,0.05000,324
2147,179.750,100.00,0.05000,324
2148,178.250,100.00,0.05000,324
2149,190.250,100.00,0.05000,324
2150,175.700,100.00,0.05000,324
2151,175.250,100.00,0.05000,324
2152,169.900,100.00,0.05000,324
2153,184.700,100.00,0.05000,324
2154,189.650,100.00,0.05000,324
2155,171.200,100.00,0.05000,324
2156,177.900,100.00,0.05000,324
2157,183.150,100.00,0.05000,324
2158,188.600,100.00,0.05000,324
2159,174.100,100.00,0.05000,324
2160,177.100,100.00,0.05000,324
2161,177.500,100.00,0.05000,324
2162,181.150,100.00,0.05000,324
2163,196.700,100.00,0.05000,324
2164,189.050,100.00,0.05000,324
2165,183.250,100.00,0.05000,324
2166,185.500,100.00,0.05000,324
2167,177.200,100.00,0.05000,324
2168,183.800,100.00,0.05000,324
2169,196.900,100.00,0.05000,324
2170,181.100,100.00,0.05000,324
2171,181.150,100.00,0.05000,324
2172,184.750,100.00,0.05000,324
2173,189.150,100.00,0.05000,324
2174,183.800,100.00,0.05000,324
2175,185.400,100.00,0.05000,324
2176,170.100,100.00,0.05000,324
2177,186.950,100.00,0.05000,324
2178,188.150,100.00,0.05000,324
2179,170.950,100.00,0.05000,324
2180,195.300,100.00,0.05000,324
2181,172.450,100.00,0.05000,324
2182,183.400,100.00,0.05000,324
2183,178.350,100.00,0.05000,324
2184,166.950,100.00,0.05000,324
2185,185.400,100.00,0.05000,324
2186,181.850,100.00,0.05000,324
2187,179.200,100.00,0.05000,324
2188,183.100,100.00,0.05000,324
2189,179.550,100.00,0.05000,324
2190,174.950,100.00,0.05000,324
2191,178.800,100.00,0.05000,324
2192,198.000,100.00,0.05000,324
2193,181.700,100.00,0.05000,324
2194,173.350,100.00,0.05000,324
2195,174.100,100.00,0.05000,324
2196,176.850,100.00,0.05000,324
2197,183.750,100.00,0.05000,324
2198,184.150,100.00,0.05000,324
2199,191.300,100.00,0.05000,324
2200,185.700,100.00,0.05000,324
2201,179.700,100.00,0.05000,324
2202,180.600,100.00,0.05000,324
2203,185.400,100.00,0.05000,324
2204,175.000,100.00,0.05000,324
2205,183.750,100.00,0.05000,324
2206,177.300,100.00,0.05000,324
2207,180.350,100.00,0.05000,324
2208,185.200,100.00,0.05000,324
2209,179.400,100.00,0.05000,324
2210,189.200,100.00,0.05000,324
2211,185.850,100.00,0.05000,324
2212,175.550,100.00,0.05000,324
2213,183.300,100.00,0.05000,324
2214,188.650,100.00,0.05000,324
2215,174.850,100.00,0.05000,324
2216,182.650,100.00,0.05000,324
2217,180.100,100.00,0.05000,324
2218,184.000,100.00,0.05000,324
2219,191.200,100.00,0.05000,324
2220,180.350,100.00,0.05000,324
2221,177.350,100.00,0.05000,324
2222,187.800,100.00,0.05000,324
2223,166.850,100.00,0.05000,324
2224,183.750,100.00,0.05000,324
2225,187.900,100.00,0.05000,324
2226,177.550,100.00,0.05000,324
2227,189.750,100.00,0.05000,324
2228,183.650,100.00,0.05000,324
2229,183.450,100.00,0.05000,324
2230,171.250,100.00,0.05000,324
2231,180.200,100.00,0.05000,324
2232,186.750,100.00,0.05000,324
2233,189.600,100.00,0.05000,324
2234,181.750,100.00,0.05000,324
2235,173.300,100.00,0.05000,324
2236,189.700,100.00,0.05000,324
2237,168.400,100.00,0.05000,324
2238,174.400,100.00,0.05000,324
2239,178.700,100.00,0.05000,324
2240,175.900,100.00,0.05000,324
2241,183.300,100.00,0.05000,324
2242,184.150,100.00,0.05000,324
2243,175.850,100.00,0.05000,324
2244,185.850,100.00,0.05000,324
2245,173.700,100.00,0.05000,324
2246,174.750,100.00,0.05000,324
2247,179.800,100.00,0.05000,324
2248,187.150,100.00,0.05000,324
2249,184.100,100.00,0.05000,324
2250,182.050,100.00,0.05000,324
2251,186.900,100.00,0.05000,324
2252,186.450,100.00,0.05000,324
2253,187.050,100.00,0.05000,324
2254,182.900,100.00,0.05000,324
2255,174.950,100.00,0.05000,324
2256,162.650,100.00,0.05000,324
2257,181.200,100.00,0.05000,324
2258,174.800,100.00,0.05000,324
2259,179.400,100.00,0.05000,324
2260,181.850,100.00,0.05000,324
2261,177.550,100.00,0.05000,324
2262,182.650,100.00,0.05000,324
2263,180.100,100.00,0.05000,324
2264,193.750,100.00,0.05000,324
2265,174.400,100.00,0.05000,324
2266,175.050,100.00,0.05000,324
2267,181.750,100.00,0.05000,324
2268,179.250,100.00,0.05000,324
2269,172.350,100.00,0.05000,324
2270,187.300,100.00,0.05000,324
2271,173.600,100.00,0.05000,324
2272,186.100,100.00,0.05000,324
2273,181.600,100.00,0.05000,324
2274,179.950,100.00,0.05000,324
2275,190.950,100.00,0.05000,324
2276,172.550,100.00,0.05000,324
2277,185.450,100.00,0.05000,324
2278,190.950,100.00,0.05000,324
2279,173.400,100.00,0.05000,324
2280,177.950,100.00,0.05000,324
2281,188.050,100.00,0.05000,324
2282,171.850,100.00,0.05000,324
2283,178.150,100.00,0.05000,324
2284,188.000,100.00,0.05000,324
2285,187.650,100.00,0.05000,324
2286,180.850,100.00,0.05000,324
2287,180.200,100.00,0.05000,324
2288,181.200,100.00,0.05000,324
2289,177.600,100.00,0.05000,324
2290,173.300,100.00,0.05000,324
2291,184.550,100.00,0.05000,324
2292,183.650,100.00,0.05000,324
2293,182.150,100.00,0.05000,324
2294,177.650,100.00,0.05000,324
2295,168.700,100.00,0.05000,324
2296,186.950,100.00,0.05000,324
2297,176.050,100.00,0.05000,324
2298,191.750,100.00,0.05000,324
2299,182.150,100.00,0.05000,324
2300,177.600,100.00,0.05000,324
2301,168.900,100.00,0.05000,324
2302,170.250,100.00,0.05000,324
2303,186.050,100.00,0.05000,324
2304,193.400,100.00,0.05000,324
2305,187.300,100.00,0.05000,324
2306,188.900,100.00,0.05000,324
2307,185.650,100.00,0.05000,324
2308,181.150,100.00,0.05000,324
2309,170.550,100.00,0.05000,324
2310,186.900,100.00,0.05000,324
2311,178.300,100.00,0.05000,324
2312,185.250,100.00,0.05000,324
2313,178.600,100.00,0.05000,324
2314,191.950,100.00,0.05000,324
2315,187.650,100.00,0.05000,324
2316,170.500,100.00,0.05000,324
2317,186.150,100.00,0.05000,324
2318,179.800,100.00,0.05000,324
2319,197.300,100.00,0.05000,324
2320,180.000,100.00,0.05000,324
2321,181.850,100.00,0.05000,324
2322,189.800,100.00,0.05000,324
2323,183.850,100.00,0.05000,324
2324,184.850,100.00,0.05000,324
2325,186.950,100.00,0.05000,324
2326,180.050,100.00,0.05000,324
2327,172.700,100.00,0.05000,324
2328,194.600,100.00,0.05000,324
2329,175.450,100.00,0.05000,324
2330,173.800,100.00,0.05000,324
2331,177.800,100.00,0.05000,324
2332,186.600,100.00,0.05000,324
2333,184.850,100.00,0.05000,324
2334,183.200,100.00,0.05000,324
2335,182.400,100.00,0.05000,324
2336,178.800,100.00,0.05000,324
2337,180.400,100.00,0.05000,324
2338,192.800,100.00,0.05000,324
2339,168.700,100.00,0.05000,324
2340,180.350,100.00,0.05000,324
2341,176.900,100.00,0.05000,324
2342,179.650,100.00,0.05000,324
2343,179.350,100.00,0.05000,324
2344,177.500,100.00,0.05000,324
2345,180.900,100.00,0.05000,324
2346,170.350,100.00,0.05000,324
2347,183.300,100.00,0.05000,324
2348,187.700,100.00,0.05000,324
2349,177.750,100.00,0.05000,324
2350,176.500,100.00,0.05000,324
2351,175.800,100.00,0.05000,324
2352,189.600,100.00,0.05000,324
2353,185.450,100.00,0.05000,324
2354,184.050,100.00,0.05000,324
2355,181.950,100.00,0.05000,324
2356,190.100,100.00,0.05000,324
2357,179.850,100.00,0.05000,324
2358,180.650,100.00,0.05000,324
2359,177.950,100.00,0.05000,324
2360,177.550,100.00,0.05000,324
2361,172.550,100.00,0.05000,324
2362,182.400,100.00,0.05000,324
2363,181.500,100.00,0.05000,324
2364,187.000,100.00,0.05000,324
2365,181.850,100.00,0.05000,324
2366,192.400,100.00,0.05000,324
2367,169.850,100.00,0.05000,324
2368,178.450,100.00,0.05000,324
2369,170.250,100.00,0.05000,324
2370,180.150,100.00,0.05000,324
2371,181.300,100.00,0.05000,324
2372,178.150,100.00,0.05000,324
2373,184.850,100.00,0.05000,324
2374,180.450,100.00,0.05000,324
2375,185.350,100.00,0.05000,324
2376,187.950,100.00,0.05000,324
2377,182.550,100.00,0.05000,324
2378,184.250,100.00,0.05000,324
2379,186.800,100.00,0.05000,324
2380,191.800,100.00,0.05000,324
2381,179.500,100.00,0.05000,324
2382,187.550,100.00,0.05000,324
2383,181.200,100.00,0.05000,324
2384,180.100,100.00,0.05000,324
2385,173.600,100.00,0.05000,324
2386,185.200,100.00,0.05000,324
2387,186.400,100.00,0.05000,324
2388,185.500,100.00,0.05000,324
2389,177.500,100.00,0.05000,324
2390,187.500,100.00,0.05000,324
2391,195.550,100.00,0.05000,324
2392,195.500,100.00,0.05000,324
2393,191.700,100.00,0.05000,324
2394,189.550,100.00,0.05000,324
2395,184.350,100.00,0.05000,324
2396,179.700,100.00,0.05000,324
2397,188.500,100.00,0.05000,324
2398,186.500,100.00,0.05000,324
2399,189.850,100.00,0.05000,324
2400,177.900,100.00,0.05000,324
2401,180.700,100.00,0.05000,324
2402,170.550,100.00,0.05000,324
2403,187.250,100.00,0.05000,324
2404,179.250,100.00,0.05000,324
2405,194.500,100.00,0.05000,324
2406,179.200,100.00,0.05000,324
2407,177.750,100.00,0.05000,324
2408,192.450,100.00,0.05000,324
2409,177.950,100.00,0.05000,324
2410,187.700,100.00,0.05000,324
2411,178.000,100.00,0.05000,324
2412,185.750,100.00,0.05000,324
2413,177.900,100.00,0.05000,324
2414,183.900,100.00,0.05000,324
2415,179.450,100.00,0.05000,324
2416,181.100,100.00,0.05000,324
2417,182.700,100.00,0.05000,324
2418,182.450,100.00,0.05000,324
2419,183.350,100.00,0.05000,324
2420,178.850,100.00,0.05000,324
2421,181.750,100.00,0.05000,324
2422,172.500,100.00,0.05000,324
2423,184.600,100.00,0.05000,324
2424,183.850,100.00,0.05000,324
2425,180.200,100.00,0.05000,324
2426,192.050,100.00,0.05000,324
2427,187.100,100.00,0.05000,324
2428,193.950,100.00,0.05000,324
2429,176.000,100.00,0.05000,324
2430,190.250,100.00,0.05000,324
2431,182.800,100.00,0.05000,324
2432,182.850,100.00,0.05000,324
2433,181.750,100.00,0.05000,324
2434,198.550,100.00,0.05000,324
2435,183.650,100.00,0.05000,324
2436,191.550,100.00,0.05000,324
2437,175.550,100.00,0.05000,324
2438,171.950,100.00,0.05000,324
2439,175.200,100.00,0.05000,324
2440,182.900,100.00,0.05000,324
2441,176.700,100.00,0.05000,324
2442,180.450,100.00,0.05000,324
2443,179.950,100.00,0.05000,324
2444,191.750,100.00,0.05000,324
2445,187.550,100.00,0.05000,324
2446,177.950,100.00,0.05000,324
2447,181.750,100.00,0.05000,324
2448,187.300,100.00,0.05000,324
2449,181.800,100.00,0.05000,324
2450,171.500,100.00,0.05000,324
2451,190.550,100.00,0.05000,324
2452,180.450,100.00,0.05000,324
2453,183.750,100.00,0.05000,324
2454,169.850,100.00,0.05000,324
2455,182.550,100.00,0.05000,324
2456,183.900,100.00,0.05000,324
2457,185.500,100.00,0.05000,324
2458,190.650,100.00,0.05000,324
2459,177.700,100.00,0.05000,324
2460,191.750,100.00,0.05000,324
2461,182.050,100.00,0.05000,324
2462,172.100,100.00,0.05000,324
2463,182.250,100.00,0.05000,324
2464,186.900,100.00,0.05000,324
2465,183.450,100.00,0.05000,324
2466,186.100,100.00,0.05000,324
2467,176.600,100.00,0.05000,324
2468,182.050,100.00,0.05000,324
2469,176.900,100.00,0.05000,324
2470,187.800,100.00,0.05000,324
2471,179.050,100.00,0.05000,324
2472,181.850,100.00,0.05000,324
2473,176.700,100.00,0.05000,324
2474,172.750,100.00,0.05000,324
2475,181.850,100.00,0.05000,324
2476,181.900,100.00,0.05000,324
2477,180.100,100.00,0.05000,324
2478,179.300,100.00,0.05000,324
2479,180.250,100.00,0.05000,324
2480,188.200,100.00,0.05000,324
2481,172.850,100.00,0.05000,324
2482,175.850,100.00,0.05000,324
2483,175.050,100.00,0.05000,324
2484,171.050,100.00,0.05000,324
2485,179.250,100.00,0.05000,324
2486,166.250,100.00,0.05000,324
2487,174.950,100.00,0.05000,324
2488,189.450,100.00,0.05000,324
2489,187.450,100.00,0.05000,324
2490,178.150,100.00,0.05000,324
2491,183.200,100.00,0.05000,324
2492,173.500,100.00,0.05000,324
2493,181.700,100.00,0.05000,324
2494,177.650,100.00,0.05000,324
2495,181.650,100.00,0.05000,324
2496,174.350,100.00,0.05000,324
2497,194.800,100.00,0.05000,324
2498,183.650,100.00,0.05000,324
2499,175.500,100.00,0.05000,324
2500,185.450,100.00,0.05000,324
2501,171.850,100.00,0.05000,324
2502,190.950,100.00,0.05000,324
2503,180.900,100.00,0.05000,324
2504,192.550,100.00,0.05000,324
2505,180.850,100.00,0.05000,324
2506,180.100,100.00,0.05000,324
2507,182.350,100.00,0.05000,324
2508,183.450,100.00,0.05000,324
2509,191.700,100.00,0.05000,324
2510,180.400,100.00,0.05000,324
2511,177.150,100.00,0.05000,324
2512,175.900,100.00,0.05000,324
2513,171.400,100.00,0.05000,324
2514,176.200,100.00,0.05000,324
2515,167.250,100.00,0.05000,324
2516,185.950,100.00,0.05000,324
2517,191.950,100.00,0.05000,324
2518,200.150,100.00,0.05000,324
2519,173.300,100.00,0.05000,324
2520,178.250,100.00,0.05000,324
2521,184.550,100.00,0.05000,324
2522,172.350,100.00,0.05000,324
2523,173.700,100.00,0.05000,324
2524,169.050,100.00,0.05000,324
2525,191.500,100.00,0.05000,324
2526,179.950,100.00,0.05000,324
2527,166.950,100.00,0.05000,324
2528,174.600,100.00,0.05000,324
2529,182.150,100.00,0.05000,324
2530,175.750,100.00,0.05000,324
2531,183.500,100.00,0.05000,324
2532,186.200,100.00,0.05000,324
2533,173.150,100.00,0.05000,324
2534,181.850,100.00,0.05000,324
2535,180.550,100.00,0.05000,324
2536,187.300,100.00,0.05000,324
2537,187.400,100.00,0.05000,324
2538,167.100,100.00,0.05000,324
2539,186.950,100.00,0.05000,324
2540,171.150,100.00,0.05000,324
2541,187.050,100.00,0.05000,324
2542,181.400,100.00,0.05000,324
2543,188.000,100.00,0.05000,324
2544,160.650,100.00,0.05000,324
2545,169.950,100.00,0.05000,324
2546,192.250,100.00,0.05000,324
2547,179.700,100.00,0.05000,324
2548,177.150,100.00,0.05000,324
2549,183.750,100.00,0.05000,324
2550,178.250,100.00,0.05000,324
2551,172.050,100.00,0.05000,324
2552,184.600,100.00,0.05000,324
2553,182.800,100.00,0.05000,324
2554,180.500,100.00,0.05000,324
2555,184.050,100.00,0.05000,324
2556,174.800,100.00,0.05000,324
2557,173.450,100.00,0.05000,324
2558,188.400,100.00,0.05000,324
2559,187.800,100.00,0.05000,324
2560,182.450,100.00,0.05000,324
2561,169.550,100.00,0.05000,324
2562,191.450,100.00,0.05000,324
2563,180.550,100.00,0.05000,324
2564,193.000,100.00,0.05000,324
2565,187.900,100.00,0.05000,324
2566,182.050,100.00,0.05000,324
2567,190.400,100.00,0.05000,324
2568,185.800,100.00,0.05000,324
2569,170.050,100.00,0.05000,324
2570,175.150,100.00,0.05000,324
2571,180.850,100.00,0.05000,324
2572,186.650,100.00,0.05000,324
2573,174.300,100.00,0.05000,324
2574,184.750,100.00,0.05000,324
2575,191.550,100.00,0.05000,324
2576,167.650,100.00,0.05000,324
2577,180.150,100.00,0.05000,324
2578,187.700,100.00,0.05000,324
2579,178.350,100.00,0.05000,324
2580,188.350,100.00,0.05000,324
2581,180.750,100.00,0.05000,324
2582,172.050,100.00,0.05000,324
2583,187.850,100.00,0.05000,324
2584,177.150,100.00,0.05000,324
2585,190.150,100.00,0.05000,324
2586,180.150,100.00,0.05000,324
2587,189.000,100.00,0.05000,324
2588,183.800,100.00,0.05000,324
2589,188.250,100.00,0.05000,324
2590,172.350,100.00,0.05000,324
2591,180.850,100.00,0.05000,324
2592,181.650,100.00,0.05000,324
2593,188.500,100.00,0.05000,324
2594,188.350,100.00,0.05000,324
2595,179.600,100.00,0.05000,324
2596,193.250,100.00,0.05000,324
2597,180.150,100.00,0.05000,324
2598,184.900,100.00,0.05000,324
2599,192.200,100.00,0.05000,324
2600,181.550,100.00,0.05000,324
2601,190.900,100.00,0.05000,324
2602,183.450,100.00,0.05000,324
2603,186.250,100.00,0.05000,324
2604,183.950,100.00,0.05000,324
2605,193.600,100.00,0.05000,324
2606,190.700,100.00,0.05000,324
2607,183.800,100.00,0.05000,324
2608,190.900,100.00,0.05000,324
2609,167.550,100.00,0.05000,324
2610,183.250,100.00,0.05000,324
2611,190.000,100.00,0.05000,324
2612,179.300,100.00,0.05000,324
2613,190.200,100.00,0.05000,324
2614,183.050,100.00,0.05000,324
2615,185.550,100.00,0.05000,324
2616,178.850,100.00,0.05000,324
2617,186.950,100.00,0.05000,324
2618,193.250,100.00,0.05000,324
2619,191.450,100.00,0.05000,324
2620,187.100,100.00,0.05000,324
2621,186.500,100.00,0.05000,324
2622,167.850,100.00,0.05000,324
2623,198.350,100.00,0.05000,324
2624,176.900,100.00,0.05000,324
2625,177.750,100.00,0.05000,324
2626,184.900,100.00,0.05000,324
2627,181.500,100.00,0.05000,324
2628,177.650,100.00,0.05000,324
2629,182.250,100.00,0.05000,324
2630,184.450,100.00,0.05000,324
2631,181.750,100.00,0.05000,324
2632,176.150,100.00,0.05000,324
2633,190.700,100.00,0.05000,324
2634,168.700,100.00,0.05000,324
2635,181.700,100.00,0.05000,324
2636,180.400,100.00,0.05000,324
2637,181.600,100.00,0.05000,324
2638,179.500,100.00,0.05000,324
2639,197.300,100.00,0.05000,324
2640,177.850,100.00,0.05000,324
2641,167.150,100.00,0.05000,324
2642,177.350,100.00,0.05000,324
2643,187.800,100.00,0.05000,324
2644,175.450,100.00,0.05000,324
2645,179.250,100.00,0.05000,324
2646,193.650,100.00,0.05000,324
2647,188.800,100.00,0.05000,324
2648,181.100,100.00,0.05000,324
2649,159.350,100.00,0.05000,324
2650,184.250,100.00,0.05000,324
2651,179.100,100.00,0.05000,324
2652,192.650,100.00,0.05000,324
2653,175.400,100.00,0.05000,324
2654,179.700,100.00,0.05000,324
2655,187.050,100.00,0.05000,324
2656,176.800,100.00,0.05000,324
2657,182.150,100.00,0.05000,324
2658,176.100,100.00,0.05000,324
2659,174.250,100.00,0.05000,324
2660,176.450,100.00,0.05000,324
2661,186.250,100.00,0.05000,324
2662,182.000,100.00,0.05000,324
2663,176.600,100.00,0.05000,324
2664,183.250,100.00,0.05000,324
2665,189.100,100.00,0.05000,324
2666,188.050,100.00,0.05000,324
2667,186.450,100.00,0.05000,324
2668,178.750,100.00,0.05000,324
2669,187.300,100.00,0.05000,324
2670,184.200,100.00,0.05000,324
2671,176.500,100.00,0.05000,324
2672,175.800,100.00,0.05000,324
2673,186.500,100.00,0.05000,324
2674,183.100,100.00,0.05000,324
2675,190.200,100.00,0.05000,324
2676,181.250,100.00,0.05000,324
2677,183.050,100.00,0.05000,324
2678,175.500,100.00,0.05000,324
2679,186.750,100.00,0.05000,324
2680,179.250,100.00,0.05000,324
2681,175.750,100.00,0.05000,324
2682,181.750,100.00,0.05000,324
2683,180.600,100.00,0.05000,324
2684,183.350,100.00,0.05000,324
2685,185.400,100.00,0.05000,324
2686,186.200,100.00,0.05000,324
2687,185.250,100.00,0.05000,324
2688,180.150,100.00,0.05000,324
2689,181.850,100.00,0.05000,324
2690,179.500,100.00,0.05000,324
2691,182.000,100.00,0.05000,324
2692,186.150,100.00,0.05000,324
2693,189.350,100.00,0.05000,324
2694,184.650,100.00,0.05000,324
2695,184.100,100.00,0.05000,324
2696,187.900,100.00,0.05000,324
2697,181.450,100.00,0.05000,324
2698,186.050,100.00,0.05000,324
2699,179.650,100.00,0.05000,324
2700,179.950,100.00,0.05000,324
2701,189.150,100.00,0.05000,324
2702,181.000,100.00,0.05000,324
2703,186.500,100.00,0.05000,324
2704,178.800,100.00,0.05000,324
2705,187.850,100.00,0.05000,324
2706,181.600,100.00,0.05000,324
2707,177.850,100.00,0.05000,324
2708,183.850,100.00,0.05000,324
2709,191.100,100.00,0.05000,324
2710,186.850,100.00,0.05000,324
2711,185.350,100.00,0.05000,324
2712,180.350,100.00,0.05000,324
2713,187.950,100.00,0.05000,324
2714,175.500,100.00,0.05000,324
2715,182.850,100.00,0.05000,324
2716,188.600,100.00,0.05000,324
2717,175.950,100.00,0.05000,324
2718,182.550,100.00,0.05000,324
2719,182.250,100.00,0.05000,324
2720,181.350,100.00,0.05000,324
2721,172.700,100.00,0.05000,324
2722,187.150,100.00,0.05000,324
2723,185.550,100.00,0.05000,324
2724,185.850,100.00,0.05000,324
2725,199.450,100.00,0.05000,324
2726,180.900,100.00,0.05000,324
2727,177.100,100.00,0.05000,324
2728,183.400,100.00,0.05000,324
2729,184.700,100.00,0.05000,324
2730,184.500,100.00,0.05000,324
2731,171.350,100.00,0.05000,324
2732,181.400,100.00,0.05000,324
2733,175.850,100.00,0.05000,324
2734,176.700,100.00,0.05000,324
2735,184.800,100.00,0.05000,324
2736,169.550,100.00,0.05000,324
2737,171.850,100.00,0.05000,324
2738,196.200,100.00,0.05000,324
2739,182.550,100.00,0.05000,324
2740,193.000,100.00,0.05000,324
2741,190.050,100.00,0.05000,324
2742,171.150,100.00,0.05000,324
2743,186.950,100.00,0.05000,324
2744,181.700,100.00,0.05000,324
2745,176.850,100.00,0.05000,324
2746,180.600,100.00,0.05000,324
2747,179.400,100.00,0.05000,324
2748,180.900,100.00,0.05000,324
2749,183.600,100.00,0.05000,324
2750,182.400,100.00,0.05000,324
2751,183.700,100.00,0.05000,324
2752,177.200,100.00,0.05000,324
2753,168.150,100.00,0.05000,324
2754,179.950,100.00,0.05000,324
2755,173.500,100.00,0.05000,324
2756,189.550,100.00,0.05000,324
2757,189.950,100.00,0.05000,324
2758,182.800,100.00,0.05000,324
2759,174.800,100.00,0.05000,324
2760,169.400,100.00,0.05000,324
2761,193.150,100.00,0.05000,324
2762,171.100,100.00,0.05000,324
2763,186.200,100.00,0.05000,324
2764,179.650,100.00,0.05000,324
2765,183.150,100.00,0.05000,324
2766,177.700,100.00,0.05000,324
2767,176.150,100.00,0.05000,324
2768,196.500,100.00,0.05000,324
2769,186.250,100.00,0.05000,324
2770,176.750,100.00,0.05000,324
2771,177.750,100.00,0.05000,324
2772,184.100,100.00,0.05000,324
2773,185.750,100.00,0.05000,324
2774,179.100,100.00,0.05000,324
2775,176.800,100.00,0.05000,324
2776,191.700,100.00,0.05000,324
2777,177.600,100.00,0.05000,324
2778,182.500,100.00,0.05000,324
2779,184.800,100.00,0.05000,324
2780,182.700,100.00,0.05000,324
2781,182.850,100.00,0.05000,324
2782,182.600,100.00,0.05000,324
2783,180.550,100.00,0.05000,324
2784,185.250,100.00,0.05000,324
2785,182.400,100.00,0.05000,324
2786,175.550,100.00,0.05000,324
2787,176.550,100.00,0.05000,324
2788,183.000,100.00,0.05000,324
2789,189.550,100.00,0.05000,324
2790,187.550,100.00,0.05000,324
2791,185.750,100.00,0.05000,324
2792,177.350,100.00,0.05000,324
2793,192.850,100.00,0.05000,324
2794,179.850,100.00,0.05000,324
2795,183.350,100.00,0.05000,324
2796,187.200,100.00,0.05000,324
2797,160.000,100.00,0.05000,324
2798,189.350,100.00,0.05000,324
2799,179.500,100.00,0.05000,324
2800,168.650,100.00,0.05000,324
2801,182.400,100.00,0.05000,324
2802,177.650,100.00,0.05000,324
2803,177.800,100.00,0.05000,324
2804,175.850,100.00,0.05000,324
2805,183.800,100.00,0.05000,324
2806,188.050,100.00,0.05000,324
2807,186.200,100.00,0.05000,324
2808,174.350,100.00,0.05000,324
2809,185.600,100.00,0.05000,324
2810,186.400,100.00,0.05000,324
2811,177.700,100.00,0.05000,324
2812,183.700,100.00,0.05000,324
2813,173.900,100.00,0.05000,324
2814,175.500,100.00,0.05000,324
2815,194.850,100.00,0.05000,324
2816,181.050,100.00,0.05000,324
2817,184.950,100.00,0.05000,324
2818,178.250,100.00,0.05000,324
2819,192.050,100.00,0.05000,324
2820,180.150,100.00,0.05000,324
2821,191.450,100.00,0.05000,324
2822,180.650,100.00,0.05000,324
2823,176.850,100.00,0.05000,324
2824,184.600,100.00,0.05000,324
2825,186.350,100.00,0.05000,324
2826,176.350,100.00,0.05000,324
2827,179.200,100.00,0.05000,324
2828,182.650,100.00,0.05000,324
2829,180.950,100.00,0.05000,324
2830,179.900,100.00,0.05000,324
2831,187.350,100.00,0.05000,324
2832,177.600,100.00,0.05000,324
2833,186.900,100.00,0.05000,324
2834,191.150,100.00,0.05000,324
2835,171.000,100.00,0.05000,324
2836,191.950,100.00,0.05000,324
2837,174.800,100.00,0.05000,324
2838,181.100,100.00,0.05000,324
2839,177.550,100.00,0.05000,324
2840,190.400,100.00,0.05000,324
2841,174.800,100.00,0.05000,324
2842,184.500,100.00,0.05000,324
2843,185.550,100.00,0.05000,324
2844,175.250,100.00,0.05000,324
2845,190.050,100.00,0.05000,324
2846,165.750,100.00,0.05000,324
2847,184.000,100.00,0.05000,324
2848,177.300,100.00,0.05000,324
2849,188.700,100.00,0.05000,324
2850,184.400,100.00,0.05000,324
2851,177.850,100.00,0.05000,324
2852,190.150,100.00,0.05000,324
2853,186.450,100.00,0.05000,324
2854,187.400,100.00,0.05000,324
2855,185.250,100.00,0.05000,324
2856,176.750,100.00,0.05000,324
2857,183.200,100.00,0.05000,324
2858,186.400,100.00,0.05000,324
2859,182.250,100.00,0.05000,324
2860,183.450,100.00,0.05000,324
2861,184.350,100.00,0.05000,324
2862,191.350,100.00,0.05000,324
2863,179.250,100.00,0.05000,324
2864,178.900,100.00,0.05000,324
2865,189.200,100.00,0.05000,324
2866,174.750,100.00,0.05000,324
2867,170.750,100.00,0.05000,324
2868,185.800,100.00,0.05000,324
2869,187.300,100.00,0.05000,324
2870,181.000,100.00,0.05000,324
2871,175.200,100.00,0.05000,324
2872,195.350,100.00,0.05000,324
2873,196.900,100.00,0.05000,324
2874,177.900,100.00,0.05000,324
2875,180.400,100.00,0.05000,324
2876,177.750,100.00,0.05000,324
2877,185.050,100.00,0.05000,324
2878,200.450,100.00,0.05000,324
2879,180.200,100.00,0.05000,324
2880,176.350,100.00,0.05000,324
2881,181.050,100.00,0.05000,324
2882,189.750,100.00,0.05000,324
2883,192.900,100.00,0.05000,324
2884,185.900,100.00,0.05000,324
2885,183.550,100.00,0.05000,324
2886,181.250,100.00,0.05000,324
2887,183.650,100.00,0.05000,324
2888,187.800,100.00,0.05000,324
2889,180.550,100.00,0.05000,324
2890,186.550,100.00,0.05000,324
2891,191.900,100.00,0.05000,324
2892,179.450,100.00,0.05000,324
2893,185.450,100.00,0.05000,324
2894,186.550,100.00,0.05000,324
2895,184.450,100.00,0.05000,324
2896,176.250,100.00,0.05000,324
2897,175.450,100.00,0.05000,324
2898,184.350,100.00,0.05000,324
2899,184.050,100.00,0.05000,324
2900,173.600,100.00,0.05000,324
2901,178.600,100.00,0.05000,324
2902,190.800,100.00,0.05000,324
2903,190.150,100.00,0.05000,324
2904,183.500,100.00,0.05000,324
2905,186.600,100.00,0.05000,324
2906,178.150,100.00,0.05000,324
2907,172.150,100.00,0.05000,324
2908,193.800,100.00,0.05000,324
2909,179.350,100.00,0.05000,324
2910,183.550,100.00,0.05000,324
2911,187.150,100.00,0.05000,324
2912,184.000,100.00,0.05000,324
2913,171.650,100.00,0.05000,324
2914,188.150,100.00,0.05000,324
2915,174.850,100.00,0.05000,324
2916,187.500,100.00,0.05000,324
2917,179.500,100.00,0.05000,324
2918,175.500,100.00,0.05000,324
2919,184.950,100.00,0.05000,324
2920,181.200,100.00,0.05000,324
2921,187.500,100.00,0.05000,324
2922,183.400,100.00,0.05000,324
2923,175.400,100.00,0.05000,324
2924,170.500,100.00,0.05000,324
2925,194.950,100.00,0.05000,324
2926,175.400,100.00,0.05000,324
2927,175.700,100.00,0.05000,324
2928,183.150,100.00,0.05000,324
2929,178.250,100.00,0.05000,324
2930,189.600,100.00,0.05000,324
2931,185.550,100.00,0.05000,324
2932,182.500,100.00,0.05000,324
2933,185.250,100.00,0.05000,324
2934,179.350,100.00,0.05000,324
2935,180.600,100.00,0.05000,324
2936,167.300,100.00,0.05000,324
2937,195.550,100.00,0.05000,324
2938,166.500,100.00,0.05000,324
2939,176.600,100.00,0.05000,324
2940,186.100,100.00,0.05000,324
2941,187.600,100.00,0.05000,324
2942,180.250,100.00,0.05000,324
2943,185.000,100.00,0.05000,324
2944,184.600,100.00,0.05000,324
2945,180.300,100.00,0.05000,324
2946,180.450,100.00,0.05000,324
2947,193.900,100.00,0.05000,324
2948,184.650,100.00,0.05000,324
2949,187.550,100.00,0.05000,324
2950,172.700,100.00,0.05000,324
2951,184.100,100.00,0.05000,324
2952,180.500,100.00,0.05000,324
2953,193.100,100.00,0.05000,324
2954,185.000,100.00,0.05000,324
2955,192.050,100.00,0.05000,324
2956,185.000,100.00,0.05000,324
2957,184.600,100.00,0.05000,324
2958,175.000,100.00,0.05000,324
2959,180.950,100.00,0.05000,324
2960,181.150,100.00,0.05000,324
2961,182.350,100.00,0.05000,324
2962,183.550,100.00,0.05000,324
2963,186.300,100.00,0.05000,324
2964,190.000,100.00,0.05000,324
2965,171.550,100.00,0.05000,324
2966,189.350,100.00,0.05000,324
2967,177.150,100.00,0.05000,324
2968,180.500,100.00,0.05000,324
2969,175.450,100.00,0.05000,324
2970,186.350,100.00,0.05000,324
2971,192.200,100.00,0.05000,324
2972,185.650,100.00,0.05000,324
2973,183.600,100.00,0.05000,324
2974,180.450,100.00,0.05000,324
2975,189.950,100.00,0.05000,324
2976,169.450,100.00,0.05000,324
2977,183.200,100.00,0.05000,324
2978,180.800,100.00,0.05000,324
2979,176.450,100.00,0.05000,324
2980,183.950,100.00,0.05000,324
2981,176.950,100.00,0.05000,324
2982,186.150,100.00,0.05000,324
2983,180.150,100.00,0.05000,324
2984,178.650,100.00,0.05000,324
2985,178.300,100.00,0.05000,324
2986,190.750,100.00,0.05000,324
2987,179.700,100.00,0.05000,324
2988,198.950,100.00,0.05000,324
2989,188.650,100.00,0.05000,324
2990,184.350,100.00,0.05000,324
2991,178.300,100.00,0.05000,324
2992,169.000,100.00,0.05000,324
2993,195.300,100.00,0.05000,324
2994,181.700,100.00,0.05000,324
2995,169.050,100.00,0.05000,324
2996,190.750,100.00,0.05000,324
2997,183.750,100.00,0.05000,324
2998,190.100,100.00,0.05000,324
2999,189.000,100.00,0.05000,324
3000,177.200,100.00,0.05000,324
